,A2,A5,A8,A11,A12,A13,A14,A17,A20,A23,A25,A43,A44,A45,A47,A50,A51,A52,A54
0,0,10,58.25,19,2,19,13,6,0,0,0.92857,23,0.92174,19,180543,22,4,0,71
1,0,9,0.0,38,8,19,10,11,0,0,0.92424,20,0.90256,19,142214,15,0,0,312
2,0,7,7.25,15,3,11,5,3,0,0,0.83333,10,0.92,15,54602,0,8,0,95
3,0,1,0.0,0,0,3,0,1,0,0,0.90909,2,0.85714,24,39891,0,0,0,21
4,0,6,0.0,0,0,2,2,5,0,0,1.0,11,0.73684,15,50706,8,0,0,154
5,0,9,0.0,29,8,14,7,8,2,0,0.875,19,0.83158,28,85909,10,0,1,297
6,0,7,10.67,27,5,9,9,8,2,4,0.95556,33,0.83939,26,121730,6,9,0,130
7,1,2,23.0,16,3,16,8,5,0,0,0.82609,10,0.88,16,131492,9,3,0,96
8,0,6,7.11,19,7,12,10,7,0,0,0.89796,22,0.95455,19,99062,5,9,0,150
9,0,2,0.0,19,2,15,6,2,0,0,0.8125,12,0.75833,18,48811,1,0,0,106
10,0,6,0.0,20,2,6,4,2,0,0,0.95652,7,0.91429,20,78565,2,0,0,58
11,0,8,85.67,0,0,90,16,3,0,0,0.95455,18,1.0,41,316022,12,3,0,318
12,0,2,0.0,0,0,50,2,2,0,0,0.96429,12,0.84167,11,44583,4,0,0,49
13,0,4,32.0,0,0,34,8,3,0,0,0.90244,13,0.93077,24,47328,4,2,0,60
14,0,6,16.75,34,9,12,12,12,1,1,0.80263,19,0.85263,33,160568,12,4,0,249
15,0,7,0.0,37,6,14,6,6,0,0,0.96364,14,0.90714,37,119637,1,0,0,201
16,0,8,0.0,23,3,90,15,5,0,0,0.93103,16,0.7625,23,166560,12,0,0,82
17,0,5,0.0,35,6,28,15,6,0,1,0.87931,8,0.9375,35,211428,11,0,0,265
18,0,6,0.0,16,1,0,3,5,0,0,0.9697,20,0.815,15,66272,7,0,0,79
19,0,6,21.0,33,7,13,17,8,1,0,0.92188,14,0.94286,33,110691,13,2,1,138
20,1,5,8.0,0,0,1,5,4,1,0,0.86957,14,0.86607,17,40359,0,1,0,25
21,0,3,0.0,0,0,16,4,2,0,0,1.0,5,0.84,29,44571,6,0,0,99
22,0,12,50.33,35,5,12,7,7,0,1,0.93333,22,0.84091,34,151889,6,3,0,82
23,0,4,0.0,0,0,0,2,4,0,1,0.96296,15,0.80667,25,46892,5,0,0,59
24,0,0,0.0,34,5,0,5,6,0,1,1.0,22,0.82273,33,131274,2,0,0,179
25,0,11,0.0,41,5,64,15,5,0,1,1.0,19,0.98421,41,196822,9,0,0,318
26,0,4,25.0,30,7,0,6,7,1,0,1.0,18,0.75556,29,72474,0,2,0,126
27,0,10,8.33,22,5,5,6,9,0,3,0.925,32,0.8375,21,154739,8,6,0,95
28,0,2,0.0,22,1,45,1,4,0,0,0.95238,18,0.86111,21,67885,4,0,0,112
29,0,9,55.0,14,4,46,16,7,1,1,0.98387,21,0.90244,3,234661,13,1,0,176
30,0,7,0.0,0,0,21,5,4,0,0,0.62903,17,0.76471,13,60573,11,0,0,196
31,0,3,0.0,27,3,0,2,3,0,0,0.94444,7,0.81429,27,86311,0,0,0,74
32,0,5,1.0,33,5,8,6,5,0,0,0.92857,16,0.925,33,70880,6,1,0,246
33,0,4,0.0,0,0,21,4,4,1,0,0.82857,17,0.77059,13,70187,3,0,0,122
34,0,5,12.13,0,0,2,4,7,1,0,0.95833,27,0.90476,19,86712,7,8,1,19
35,0,5,0.0,35,3,3,3,3,0,0,0.46154,9,0.88889,35,68159,3,0,0,158
36,1,7,0.0,0,0,0,7,9,2,0,0.88372,19,0.89474,17,41258,0,0,0,40
37,0,4,0.0,29,1,13,4,1,0,0,0.84615,2,0.625,29,61311,2,0,0,40
38,0,6,0.0,0,0,7,1,3,0,0,0.48,15,0.87333,32,86157,13,0,0,250
39,0,4,0.0,0,0,4,3,2,2,0,1.0,9,0.83333,12,39491,3,0,1,37
40,0,6,0.0,36,5,20,11,8,1,1,0.90566,19,0.72632,35,163460,13,0,0,158
41,0,8,0.0,21,6,2,6,7,0,0,0.92308,13,0.85385,21,90421,0,0,0,174
42,0,4,0.0,0,0,5,3,5,1,0,0.95833,12,0.775,24,58942,0,0,0,165
43,0,0,0.0,0,0,0,0,0,0,0,0.0,0,0.0,0,46132,0,0,0,57
44,0,5,10.0,16,5,7,9,5,0,0,0.93103,17,0.84706,15,109388,5,2,1,68
45,0,4,0.0,27,1,10,4,3,1,0,0.85714,4,0.925,27,48830,2,0,0,140
46,0,6,0.0,25,6,24,10,6,0,0,0.85185,10,0.87,25,114500,10,0,0,211
47,0,6,0.0,27,1,16,4,3,1,0,0.96154,4,0.67857,27,73684,3,0,0,21
48,0,1,0.0,40,3,3,2,3,0,0,1.0,6,0.81667,40,42025,0,0,0,309
49,1,2,0.0,0,0,13,8,3,1,0,0.80769,5,0.88095,26,41908,3,0,0,64
50,0,5,0.0,36,6,19,11,6,1,0,0.94444,19,0.85263,35,120754,7,0,0,314
51,0,2,5.63,32,4,14,5,4,0,1,0.77273,15,0.86,32,91439,0,8,1,267
52,0,9,23.2,34,5,11,13,6,0,0,0.94444,12,0.94167,34,127327,10,5,0,136
53,0,6,0.0,17,2,5,10,6,2,0,0.89583,13,0.82308,17,114753,10,0,1,177
54,0,5,17.0,0,0,0,2,3,0,0,0.96875,9,0.88889,30,46403,4,1,0,245
55,0,2,0.0,35,2,42,12,2,0,0,0.93333,2,1.0,35,54543,6,0,0,150
56,0,12,22.6,30,9,35,13,10,2,3,0.91765,26,0.93462,30,143430,4,5,0,75
57,0,3,0.0,14,4,1,3,4,1,0,0.61111,18,0.83889,13,44583,0,0,0,84
58,0,7,31.67,23,4,8,9,5,0,0,0.88372,19,0.81579,22,82178,2,3,0,176
59,0,7,0.0,23,3,19,5,5,0,0,0.75,12,0.925,23,111739,19,0,0,239
60,0,5,46.0,0,0,0,6,7,1,0,1.0,12,0.90833,18,84051,0,1,0,96
61,0,11,60.0,15,3,19,5,3,0,2,0.97143,18,0.89444,15,380340,3,1,1,52
62,0,3,0.0,0,0,0,0,1,0,0,1.0,5,0.95,20,55668,0,0,0,40
63,0,7,19.33,24,5,44,12,5,0,0,0.94643,17,0.91765,24,98087,6,3,0,160
64,0,5,0.0,22,2,12,8,2,0,0,0.89286,4,0.775,22,54793,4,0,0,63
65,0,2,0.0,29,3,19,4,4,0,0,0.9,7,0.87143,29,71422,5,0,0,96
66,0,1,0.0,0,0,12,4,2,1,1,0.92308,9,0.94444,9,54873,0,0,0,65
67,0,1,0.0,26,2,7,5,2,1,0,0.91667,4,0.875,26,46504,3,0,1,50
68,1,8,22.0,0,0,0,6,6,1,1,0.83333,12,0.80833,28,74815,6,1,0,59
69,0,5,21.5,0,0,1,5,5,0,1,0.86047,20,0.77,38,80405,0,2,0,311
70,0,6,9.0,0,0,29,7,7,1,1,0.88889,15,0.83333,36,74427,8,2,1,187
71,0,2,15.5,14,3,9,4,4,0,0,0.875,14,0.86735,13,44519,3,2,0,20
72,0,9,13.0,16,8,11,10,9,0,0,0.96429,17,0.86471,16,61366,14,1,1,58
73,0,4,0.0,12,5,12,4,5,0,1,0.90164,22,0.80455,11,40855,0,0,0,81
74,0,8,26.8,13,3,15,8,3,0,2,0.83871,23,0.8895,8,111011,1,5,1,36
75,0,4,22.0,35,6,17,12,6,0,0,1.0,11,0.94545,35,71830,8,1,0,252
76,0,8,6.53,23,3,9,8,8,0,2,0.90385,24,0.95,23,55469,2,17,1,158
77,0,2,0.0,0,0,7,1,2,0,0,0.92308,5,0.76,20,43910,0,0,0,46
78,0,10,0.0,33,3,60,18,6,0,0,0.83333,24,0.87442,6,164882,22,0,0,250
79,0,8,0.0,0,0,112,13,4,0,0,0.91667,9,0.85556,16,119088,7,0,0,181
80,0,5,24.67,0,0,18,5,5,0,0,0.76087,20,0.86,17,57357,5,3,0,136
81,0,7,6.6,38,6,44,8,8,1,0,0.76,18,0.95556,33,237611,13,10,0,300
82,0,8,48.0,22,3,19,6,5,0,0,0.95122,11,0.84545,22,99167,1,2,0,46
83,0,1,0.0,0,0,4,0,0,0,0,0.0,0,0.0,0,45867,0,0,0,10
84,0,3,0.0,0,0,12,3,3,1,0,0.88235,6,0.83333,22,52605,0,0,0,206
85,0,2,0.0,28,5,15,6,5,0,0,0.88889,18,0.91111,28,46222,1,0,0,184
86,0,6,0.0,18,2,0,2,2,0,0,1.0,4,0.82143,18,59505,3,0,0,18
87,0,6,0.0,12,2,4,3,6,0,0,0.91111,16,0.9,12,52718,0,0,1,77
88,0,4,0.0,35,6,32,14,6,0,0,0.91176,23,0.93478,35,70040,4,0,0,242
89,0,3,0.0,20,4,31,9,4,0,0,0.93333,12,0.93636,1,47437,3,0,1,107
90,0,0,0.0,0,0,11,0,0,0,0,0.0,0,0.0,0,47739,0,0,0,80
91,0,7,43.0,35,2,12,7,3,0,0,0.93182,10,0.81,35,80687,9,3,0,201
92,0,4,11.5,38,3,23,10,7,1,3,1.0,27,0.9,38,85541,3,4,0,224
93,0,4,0.0,0,0,8,3,5,0,0,0.89189,7,0.92857,31,48978,4,0,0,124
94,0,5,0.0,0,0,2,2,3,0,0,0.95,8,0.85,28,44020,0,0,0,68
95,0,2,0.0,23,1,5,4,1,1,0,0.92593,3,0.8,23,46158,0,0,0,76
96,0,8,0.0,0,0,0,4,5,0,0,0.91667,18,0.84444,14,74625,6,0,1,52
97,0,9,62.0,11,2,0,3,5,0,0,0.8587,25,0.96825,1,129443,6,2,0,62
98,0,5,25.0,0,0,14,17,15,0,2,0.92958,19,0.85789,35,521032,26,3,0,209
99,0,6,14.0,34,6,25,9,6,0,0,0.93333,18,0.82778,33,86781,4,4,0,311
100,0,4,2.5,0,0,160,13,5,0,1,0.93506,21,0.80952,17,122107,8,4,1,167
101,0,6,0.0,36,3,8,6,3,0,0,0.94737,6,0.93182,25,64066,1,0,0,59
102,0,6,0.0,0,0,4,2,3,0,0,0.8,7,0.9,13,74110,0,0,2,87
103,0,7,0.0,39,5,57,13,5,0,0,0.67925,22,0.94091,34,112411,23,0,0,306
104,1,6,0.0,25,2,25,5,3,1,0,0.96296,3,1.0,25,76880,3,0,0,68
105,0,4,0.0,21,5,30,6,6,0,0,0.87879,16,0.9125,21,96870,2,0,0,192
106,0,5,0.0,17,3,29,12,4,0,0,0.96154,6,0.88333,17,70391,1,0,0,48
107,0,5,11.43,0,0,50,5,6,0,3,0.90164,36,0.85417,14,98251,2,7,1,42
108,0,2,54.0,34,1,14,1,2,0,0,0.75,7,0.95714,34,71402,0,2,0,205
109,0,3,0.0,22,1,0,0,1,0,0,1.0,1,0.6,22,44020,0,0,0,90
110,0,5,33.0,0,0,12,5,2,0,0,1.0,12,0.88393,23,52096,6,5,1,44
111,1,5,13.6,0,0,9,4,6,1,3,0.91667,41,0.90391,7,40207,5,5,2,18
112,0,8,0.0,14,3,9,8,4,0,0,0.91667,16,0.90826,14,60487,2,0,1,14
113,0,7,2.67,0,0,2,8,7,0,1,0.0,9,0.85185,3,100014,9,6,0,7
114,0,5,0.0,36,6,37,8,7,0,0,0.95238,17,0.81765,35,141157,7,0,0,189
115,0,9,0.0,18,2,13,7,6,0,0,0.8913,20,0.92,18,149902,15,0,0,154
116,0,5,0.0,0,0,3,4,4,0,0,0.94872,6,0.83333,23,86474,0,0,0,194
117,0,12,22.5,15,5,15,9,6,1,0,0.93023,13,0.8022,14,57690,4,2,0,21
118,0,3,13.75,0,0,0,2,4,0,0,0.8,18,0.89683,21,64000,0,4,1,18
119,0,6,0.0,0,0,2,3,4,0,0,0.93103,12,0.94167,22,82987,11,0,0,75
120,0,4,0.0,14,7,0,4,7,1,0,0.86207,9,0.72222,14,109264,4,0,0,35
121,0,4,0.0,18,2,4,5,4,1,0,0.96,12,0.81667,18,62430,3,0,0,88
122,0,4,0.0,0,0,21,6,4,0,0,0.88462,18,0.95,22,55021,9,0,0,133
123,0,11,36.0,33,5,51,8,7,1,2,0.93333,22,0.76364,33,175287,16,3,0,239
124,0,1,32.5,0,0,9,2,3,0,2,1.0,25,0.896,26,88623,0,2,0,66
125,1,9,6.5,35,2,27,9,8,1,0,0.91489,21,0.87619,35,86662,5,2,1,198
126,0,9,0.0,1,6,15,8,7,0,0,0.0,13,0.6,1,149029,0,0,0,285
127,0,4,0.0,0,0,9,5,4,1,0,0.85714,13,0.94615,23,66500,8,0,0,60
128,0,4,0.0,33,3,13,6,3,0,0,0.9,4,0.775,33,50344,6,0,0,148
129,0,6,72.0,34,1,17,9,6,1,0,0.91667,15,0.9,34,151688,7,1,1,107
130,0,6,52.0,21,4,12,5,4,1,0,0.90625,4,0.95,21,93804,3,1,0,236
131,0,6,15.25,0,0,0,3,5,0,0,0.96774,13,0.85385,17,52858,0,4,0,76
132,0,8,0.0,36,8,4,9,9,1,1,0.92453,22,0.91364,36,94971,4,0,0,255
133,0,7,12.43,16,6,0,5,6,0,1,0.90196,25,0.912,15,57485,2,7,0,54
134,0,10,0.0,34,3,22,14,5,0,0,0.95833,7,0.91429,34,58282,8,0,0,150
135,0,1,0.0,27,2,10,3,2,0,1,0.88889,10,0.75,27,58081,0,0,0,214
136,0,9,0.0,30,5,32,13,6,0,0,0.98,18,0.84444,30,58453,4,0,0,82
137,0,3,0.0,0,0,0,3,5,0,1,0.86364,16,0.86875,13,50403,0,0,0,76
138,0,8,0.0,37,7,40,13,7,0,0,0.92593,19,0.96111,7,167573,6,0,0,211
139,1,2,0.0,30,7,0,7,7,1,1,0.97143,11,0.90909,29,41991,2,0,0,56
140,0,7,28.0,14,6,27,12,8,0,3,0.88889,34,0.82105,1,185838,18,4,0,144
141,0,13,0.0,29,6,17,16,9,3,0,0.94872,12,0.80833,29,73975,6,0,0,181
142,0,4,0.0,14,5,2,3,5,0,0,0.82759,15,0.90667,13,45306,4,0,0,61
143,0,0,0.0,0,0,7,0,1,0,0,0.0,3,0.7,36,51342,0,0,0,104
144,0,3,0.0,26,3,51,3,5,0,0,0.86667,10,0.76,26,46061,0,0,0,195
145,0,4,0.0,26,3,24,9,3,0,0,0.92593,12,0.925,26,107933,0,0,0,92
146,0,3,36.33,0,0,22,3,4,0,3,0.94444,27,0.81019,12,53089,7,3,0,35
147,0,4,25.5,38,4,27,4,5,0,0,1.0,10,0.87,38,45720,0,2,0,244
148,0,5,6.5,28,4,10,7,6,0,0,0.92593,20,0.84,28,111534,0,12,0,91
149,0,9,0.0,0,0,4,7,6,1,0,0.89474,9,0.73333,21,82663,7,0,0,163
150,0,8,56.0,0,0,22,6,6,1,2,0.9375,16,0.85625,36,73386,0,2,0,196
151,0,5,17.33,0,0,14,6,4,0,2,1.0,21,0.79524,14,53573,6,3,1,51
152,0,1,0.0,0,0,12,2,3,0,0,1.0,9,0.86111,24,61584,2,0,0,37
153,0,1,9.0,19,1,11,0,1,0,0,0.875,7,0.91837,19,41250,0,3,0,16
154,0,7,0.0,23,7,21,13,7,0,0,0.95313,20,0.795,22,159115,9,0,1,158
155,0,3,0.0,20,4,17,6,6,0,0,0.84615,21,0.85238,20,87474,5,0,0,76
156,0,5,11.4,28,3,35,9,3,0,0,0.96296,12,0.94167,28,44724,1,5,0,59
157,0,6,30.0,35,6,19,7,6,0,1,0.82222,23,0.94348,34,109344,13,3,0,150
158,0,5,26.5,27,8,2,7,8,1,0,0.92727,12,0.84167,27,102271,6,2,1,167
159,0,6,12.0,16,5,30,9,7,0,0,1.0,15,0.97333,15,109012,10,7,0,232
160,1,9,0.0,36,3,30,9,7,0,0,0.98246,10,0.9,35,47164,26,0,0,252
161,0,7,0.0,37,3,41,9,7,0,0,0.88,11,0.80909,37,195289,35,0,0,248
162,0,6,0.0,38,6,44,9,6,0,0,0.91667,14,0.76429,37,125644,11,0,0,235
163,0,1,0.0,0,0,5,0,2,0,1,1.0,11,0.82727,32,47457,4,0,0,111
164,0,3,0.0,24,1,1,0,1,0,0,1.0,6,0.93333,24,104720,0,0,0,276
165,0,1,19.0,0,0,0,3,4,0,1,0.97297,19,0.81053,20,149322,3,3,0,63
166,0,5,6.04,7,4,7,5,6,0,0,0.91667,26,1.0,2,46918,1,23,0,11
167,0,4,0.0,0,0,12,3,3,0,0,0.91667,5,0.98,22,53841,5,0,0,85
168,0,4,57.5,23,3,17,9,6,0,0,0.91667,20,0.94,23,79831,1,2,1,87
169,0,12,0.0,29,2,80,18,9,1,1,1.0,21,0.89444,19,344958,42,0,0,305
170,0,2,6.0,14,5,7,6,5,0,1,1.0,19,0.9086,5,50063,1,5,0,166
171,0,2,11.25,0,0,8,2,4,0,3,0.93333,24,0.875,18,76575,0,8,1,51
172,0,7,11.33,0,0,29,8,9,1,0,0.88333,19,0.86316,36,76818,8,3,0,251
173,0,4,25.33,0,0,6,3,4,0,0,0.90476,14,0.95,14,51458,4,3,0,105
174,0,1,0.0,36,2,4,4,3,0,1,1.0,13,0.88462,35,65607,0,0,0,210
175,0,8,0.0,28,4,72,27,4,0,1,0.9863,23,1.0,24,196229,4,0,0,90
176,0,2,0.0,0,0,19,4,5,0,1,0.9697,14,0.75556,6,54512,1,0,1,187
177,0,0,0.0,0,0,0,0,0,0,0,0.0,0,0.0,0,46630,0,0,0,42
178,0,1,0.0,0,0,6,0,0,0,0,0.0,0,0.0,0,47157,0,0,0,43
179,0,7,0.0,21,5,15,7,7,0,0,0.90476,21,0.84762,20,55532,1,0,0,122
180,0,5,11.25,22,4,6,5,4,0,1,0.91667,13,0.93077,22,77570,0,4,0,102
181,0,7,18.75,36,3,15,8,6,1,5,0.93333,26,0.93077,36,66279,0,4,1,158
182,0,3,23.33,14,1,13,3,2,0,0,0.90909,7,0.88571,14,84166,0,3,0,71
183,0,7,13.2,27,3,24,9,5,1,0,0.93548,12,0.84167,26,72133,7,5,0,75
184,0,0,0.0,0,0,13,2,0,0,0,1.0,0,0.0,0,75861,0,0,0,151
185,0,2,0.0,0,0,3,1,1,0,0,0.91304,8,0.89583,9,46571,2,0,0,11
186,0,1,0.0,8,4,6,3,4,0,0,0.9661,13,0.80769,7,44086,0,0,0,61
187,0,7,26.0,32,4,16,7,4,0,0,0.88462,18,0.88889,32,82057,0,3,0,94
188,0,7,13.0,26,4,12,7,4,0,1,0.92453,20,0.88,25,93705,4,1,0,119
189,0,2,0.0,0,0,0,1,1,0,0,1.0,2,0.95,22,42423,0,0,0,80
190,1,5,10.6,8,6,12,6,7,1,0,0.96907,19,0.86842,8,60423,7,5,2,32
191,0,3,0.0,0,0,5,3,4,1,0,0.9375,6,0.93333,28,53245,3,0,0,112
192,0,3,26.5,19,3,0,4,4,0,0,0.85,12,0.78333,19,51437,2,2,0,134
193,0,5,56.0,27,9,0,7,9,0,1,0.96552,18,0.78977,10,61419,8,2,0,75
194,1,8,13.4,34,2,1,8,9,1,1,0.75,16,0.9,34,73991,9,5,0,200
195,0,0,0.0,0,0,0,0,0,0,0,0.0,1,1.0,35,45733,0,0,0,159
196,0,0,0.0,0,0,7,0,0,0,0,0.0,0,0.0,0,54247,0,0,0,155
197,0,10,43.0,41,6,57,24,6,0,1,0.95522,22,1.0,41,248706,14,5,0,320
198,0,10,0.0,13,4,6,8,8,1,1,0.8642,17,0.87059,13,217413,4,0,0,224
199,0,3,47.0,0,0,7,1,2,0,1,0.94737,7,0.91429,34,60609,0,1,0,188
200,0,2,0.0,0,0,5,1,1,0,0,1.0,6,0.73333,26,68388,5,0,0,94
201,0,3,9.67,29,5,25,8,5,0,1,0.89189,20,0.805,28,79801,4,6,0,85
202,0,6,0.0,19,4,24,11,4,0,0,0.73529,10,0.93,18,53031,7,0,0,118
203,0,8,15.5,20,6,5,6,6,0,1,0.97561,19,0.83158,19,66478,0,2,0,76
204,0,8,0.0,15,2,11,3,2,0,0,0.85,6,0.91667,15,49974,3,0,0,111
205,0,0,0.0,29,3,6,8,3,0,0,0.95652,11,0.84545,28,65315,1,0,1,67
206,1,8,33.67,20,3,2,8,8,1,3,0.83333,34,0.83613,19,68950,9,3,1,21
207,0,2,0.0,34,2,1,2,2,0,0,0.92308,3,0.93333,34,41480,0,0,0,140
208,0,3,100.0,24,2,11,3,3,1,1,1.0,15,0.78,24,40674,0,1,0,103
209,0,2,0.0,0,0,4,1,0,0,0,0.0,2,1.0,28,53589,0,0,0,61
210,0,6,0.0,35,6,2,7,8,1,1,0.90625,17,0.82353,35,111803,7,0,0,159
211,0,2,13.6,0,0,0,3,6,0,0,0.9,24,0.94167,25,64762,0,5,0,86
212,0,5,0.0,0,0,2,2,5,0,0,0.84375,9,0.75556,15,42560,4,0,1,57
213,0,6,0.0,0,0,4,6,5,1,2,0.90323,23,0.86957,5,42206,6,0,1,48
214,0,10,0.0,41,2,141,6,5,0,0,0.97826,17,0.99375,30,192803,22,0,0,315
215,3,8,46.0,0,0,0,4,5,1,2,0.90909,22,0.85,22,46907,6,3,0,62
216,0,4,0.0,17,4,28,7,6,1,0,0.97778,15,0.92667,16,105658,0,0,0,59
217,0,8,0.0,21,2,26,12,3,0,0,0.92683,4,0.875,21,102263,19,0,0,212
218,0,5,15.33,37,4,12,4,3,0,0,0.94118,5,0.86,37,112063,0,3,0,78
219,0,12,36.0,35,2,95,9,7,0,0,0.92105,21,0.81429,34,235311,17,2,0,223
220,0,0,0.0,16,1,6,1,1,0,0,1.0,8,0.78571,16,81533,0,0,0,18
221,0,3,0.0,36,1,6,2,1,0,0,1.0,4,0.75,35,54280,6,0,0,232
222,0,5,38.5,16,1,6,3,2,0,0,1.0,7,0.88571,16,51540,1,2,0,73
223,0,8,0.0,16,6,34,9,6,1,0,0.92105,16,0.91875,16,102953,9,0,0,86
224,0,4,1.5,0,0,2,3,3,0,0,0.85714,16,0.825,34,138162,9,2,0,153
225,0,9,20.33,0,0,9,1,6,0,0,0.78788,22,0.89091,27,67744,10,3,0,79
226,0,6,0.0,18,7,6,6,7,0,0,0.91111,21,0.88571,18,108470,0,0,0,83
227,0,9,31.33,27,6,34,17,7,0,0,0.94231,16,0.8875,27,116126,11,3,0,220
228,0,9,16.67,0,0,0,2,5,0,0,0.92857,19,0.82632,25,57003,11,3,0,75
229,0,0,0.0,14,1,5,3,1,0,0,1.0,1,0.9,14,63252,0,0,0,198
230,0,7,24.0,15,5,38,6,8,1,0,0.81818,20,0.805,15,71765,15,1,0,128
231,0,6,27.33,36,1,10,7,7,0,0,0.94915,16,0.84375,36,136805,3,3,2,258
232,0,5,0.0,18,2,4,3,2,0,0,1.0,8,0.9,18,54777,3,0,0,61
233,1,0,35.0,4,2,3,5,4,2,0,1.0,13,0.91209,4,40401,4,1,0,14
234,0,3,0.0,15,1,9,7,5,0,0,0.95,15,0.74,14,82408,5,0,0,63
235,0,2,0.0,27,5,1,5,6,0,0,0.95556,9,0.97778,26,75470,9,0,1,147
236,1,6,20.89,16,1,16,7,8,1,4,0.98413,52,0.89474,16,51636,5,9,2,17
237,0,7,6.64,0,0,4,6,4,0,2,0.9375,23,0.85217,18,60069,5,11,0,54
238,0,10,18.6,33,6,30,11,8,0,0,0.98077,14,0.9,31,175735,11,5,0,146
239,0,6,0.0,0,0,9,5,4,0,0,0.97368,6,0.95,25,92610,0,0,0,194
240,0,2,14.5,19,4,42,4,4,0,2,0.93548,17,0.91765,18,43391,1,2,0,64
241,0,2,0.0,34,1,0,2,2,0,0,0.92308,8,0.9125,34,70697,0,0,0,140
242,0,4,0.0,35,1,7,1,1,0,0,1.0,6,0.8,35,83261,0,0,0,213
243,0,6,5.0,28,1,53,13,2,0,0,0.89362,11,0.93636,28,97315,10,2,0,49
244,0,4,0.0,15,4,15,6,4,0,0,0.84211,8,0.825,15,49285,6,0,1,137
245,0,1,0.0,0,0,3,1,2,0,2,0.9,16,0.875,19,40493,1,0,0,59
246,0,7,0.0,17,5,14,5,5,0,0,0.79167,15,0.76667,17,117244,2,0,0,230
247,2,10,0.0,22,1,5,12,12,2,0,0.88679,18,0.87778,21,46443,5,0,0,54
248,0,8,19.5,0,0,14,8,4,1,0,0.97059,10,0.91,21,111738,3,2,0,150
249,0,4,0.0,25,1,5,5,4,0,1,0.92308,14,0.89286,25,156240,0,0,0,219
250,0,7,0.0,17,8,18,12,8,0,0,0.89394,17,0.77059,17,113032,1,0,0,49
251,0,2,0.0,33,7,32,7,7,1,0,0.88889,8,0.9375,33,43364,0,0,0,162
252,0,3,21.0,9,1,5,3,3,0,2,0.94118,18,0.89583,9,40140,0,3,0,34
253,0,5,13.0,28,4,12,3,5,0,3,0.94545,25,0.844,27,144391,0,2,1,59
254,0,3,0.0,16,4,0,5,5,0,0,0.90244,16,0.85625,15,47146,0,0,0,59
255,0,8,0.0,37,2,47,9,2,0,0,0.96774,4,0.875,37,125725,6,0,0,116
256,1,4,0.0,11,1,20,5,4,1,0,0.88462,8,0.82813,11,40511,6,0,0,34
257,0,8,0.0,37,5,16,13,7,1,0,0.94828,21,0.74286,37,158293,14,0,0,176
258,0,7,45.0,17,7,4,5,7,0,2,0.9,25,0.94,17,104427,0,2,0,86
259,0,5,0.0,19,3,0,4,4,1,1,0.875,11,0.85227,18,52342,2,0,0,41
260,0,7,0.0,37,1,24,5,1,0,0,0.95455,2,0.95,37,60053,3,0,0,178
261,0,7,5.91,0,0,9,10,5,0,0,0.97143,17,0.83529,21,110396,15,11,0,84
262,0,5,0.0,37,4,15,4,4,0,0,1.0,9,0.73333,37,61960,4,0,0,232
263,0,8,0.0,39,8,40,12,8,0,0,0.98113,15,0.84,39,144527,8,0,0,271
264,0,7,0.0,31,1,22,8,4,0,0,0.92593,8,0.95,31,58295,6,0,0,191
265,0,5,0.0,26,3,15,5,5,1,0,0.82759,12,0.73333,26,62049,3,0,0,213
266,0,6,0.0,25,6,0,7,8,1,0,0.83673,17,0.93333,7,130781,9,0,0,213
267,0,3,0.0,18,4,22,4,5,0,0,1.0,10,0.87,17,167195,2,0,0,174
268,0,5,0.0,18,3,9,7,3,0,0,0.9375,14,0.84286,18,60786,6,0,0,73
269,1,6,0.0,0,0,0,5,5,0,0,1.0,7,0.97143,19,47811,9,0,0,72
270,0,7,8.33,6,1,5,5,6,0,0,0.93548,27,0.86574,6,59397,3,6,0,26
271,0,7,0.0,0,0,1,4,5,0,0,0.88235,8,0.9375,27,64027,0,0,0,78
272,0,7,0.0,0,0,2,3,3,0,0,0.93939,8,0.8125,38,95715,5,0,0,281
273,0,5,0.0,17,3,18,5,3,0,0,0.94595,10,0.92,17,72489,5,0,0,126
274,0,8,0.0,22,6,42,8,6,0,0,0.90323,18,0.91111,22,115911,0,0,0,263
275,0,2,10.67,14,5,7,3,6,1,1,1.0,23,0.84239,13,50629,0,3,0,35
276,0,5,16.67,15,5,5,5,8,0,0,0.87805,13,0.84615,15,92024,11,3,0,214
277,0,0,0.0,0,0,5,0,1,0,0,0.75,1,1.0,24,41511,0,0,0,111
278,0,4,47.67,40,3,10,6,5,1,0,0.94286,15,0.81333,39,100726,3,3,1,98
279,0,3,6.07,0,0,11,2,2,0,3,0.92308,19,0.86842,18,56374,6,14,2,37
280,0,3,0.0,0,0,4,2,1,0,0,0.9,5,0.96,21,48010,5,0,0,52
281,0,7,0.0,22,1,39,2,2,0,0,0.88235,4,0.825,22,63090,1,0,0,110
282,0,11,0.0,19,1,25,7,4,0,0,0.87234,9,0.7375,3,112171,4,0,0,158
283,0,0,0.0,0,0,0,0,2,0,0,1.0,7,0.875,19,41440,3,0,0,32
284,0,8,22.0,0,0,2,7,9,1,0,0.96923,20,0.875,35,166473,14,2,0,216
285,0,3,3.62,0,0,0,1,5,0,2,0.82927,27,0.90741,17,64891,4,39,0,63
286,0,7,0.0,0,0,8,4,4,0,0,0.85417,12,0.775,21,79058,0,0,3,297
287,0,4,0.0,22,2,10,3,3,0,0,0.8125,5,0.76,22,63597,5,0,0,72
288,0,8,9.0,18,1,9,8,4,1,0,0.9,12,0.90833,18,130764,1,1,1,127
289,1,4,27.75,0,0,0,3,6,1,1,1.0,14,0.84286,25,95217,3,4,0,146
290,1,2,28.75,0,0,3,2,4,0,1,0.88889,17,0.81176,25,51660,1,4,0,69
291,0,8,0.0,0,0,5,5,4,2,0,0.88,12,0.925,14,57719,5,0,0,66
292,0,1,0.0,0,0,5,2,2,0,0,0.85714,7,0.82143,15,48371,5,0,0,28
293,0,8,12.4,26,1,8,8,4,0,2,0.91837,24,0.87083,26,138815,7,5,0,76
294,0,0,0.0,15,1,36,1,1,0,0,1.0,1,1.0,15,47298,0,0,0,223
295,0,4,0.0,33,4,33,7,4,0,0,0.91304,14,0.87143,33,123209,4,0,0,210
296,0,7,21.0,8,5,35,9,6,0,1,0.95,22,0.84574,7,161560,4,1,1,44
297,0,4,34.0,0,0,20,6,4,0,0,0.92537,26,0.89011,11,50716,3,4,1,20
298,0,5,0.0,16,6,7,9,6,0,0,0.97436,17,0.88235,15,94250,3,0,0,26
299,0,5,23.67,7,1,57,6,1,0,0,1.0,6,0.83333,7,49754,0,3,0,14
300,0,1,17.0,21,6,0,6,6,0,0,0.92308,12,0.88542,20,45711,6,1,0,25
301,0,7,54.25,17,5,26,15,6,0,0,0.97917,20,0.88,16,97754,6,4,0,76
302,0,9,0.0,36,5,87,10,5,1,0,0.96774,12,0.925,36,75875,3,0,0,196
303,0,9,22.0,31,4,21,8,8,2,1,0.92857,26,0.95,30,77772,8,3,0,80
304,0,4,46.33,18,1,3,6,5,1,1,0.96552,20,0.92143,18,55370,3,3,1,19
305,0,3,0.0,30,2,0,3,4,0,0,0.96,8,0.875,30,44475,0,0,0,112
306,0,3,20.5,0,0,2,2,3,0,2,0.9375,14,0.8,21,41905,3,2,0,66
307,0,2,0.0,24,2,9,2,2,0,0,0.8,6,0.96667,24,51608,3,0,0,169
308,1,7,0.0,34,7,11,9,9,1,1,1.0,12,0.93333,33,66289,4,0,0,196
309,0,8,48.0,27,1,27,4,3,0,0,0.65517,8,0.9125,27,136120,12,3,0,123
310,0,13,0.0,19,9,25,15,13,1,1,0.81188,24,0.87917,18,155470,23,0,0,149
311,0,7,30.33,29,5,2,8,8,1,1,0.9,25,0.848,28,75960,3,3,0,92
312,0,4,48.67,6,8,10,13,11,1,1,0.93277,17,0.81765,6,270797,6,3,1,78
313,0,7,12.0,34,5,3,6,6,0,0,0.89744,13,0.85385,33,117467,5,5,1,267
314,0,6,0.0,17,6,16,8,6,0,0,0.91304,19,0.81868,6,89433,4,0,0,93
315,0,7,0.0,14,3,9,3,4,0,0,0.85714,10,0.94,14,56930,0,0,1,87
316,0,3,7.75,0,0,4,1,1,0,0,1.0,2,0.8125,26,43395,0,4,0,40
317,0,5,37.33,39,4,18,12,4,0,0,0.98,18,0.83889,39,116758,1,3,0,158
318,0,8,0.0,16,3,30,16,4,0,0,0.92308,19,0.92105,16,106785,6,0,0,113
319,0,4,0.0,38,4,25,10,7,1,1,1.0,15,0.78,37,161762,7,0,0,212
320,0,6,0.0,17,1,0,4,7,1,0,0.91667,16,0.93125,17,58804,0,0,0,64
321,0,1,11.6,17,2,3,3,2,0,1,0.94118,8,0.8125,17,41321,1,5,0,46
322,0,9,0.0,11,5,8,7,4,0,0,0.72603,9,0.91111,11,94893,13,0,1,97
323,0,3,18.0,0,0,6,4,0,0,0,0.875,0,0.0,0,107797,2,1,0,74
324,0,5,20.0,34,2,14,6,2,0,0,0.96296,10,0.87,34,68627,6,2,0,281
325,0,8,14.25,8,1,4,6,7,0,1,0.92029,27,0.87081,8,64625,6,4,1,25
326,1,10,13.5,23,5,11,8,5,1,0,0.88571,7,0.97143,23,53230,0,4,0,160
327,0,7,78.0,0,0,4,3,5,0,0,0.85714,14,0.90714,15,45177,1,1,0,47
328,0,8,0.0,19,1,4,6,10,0,0,0.90164,20,0.79,19,132658,19,0,0,81
329,0,4,74.5,21,6,11,5,6,0,0,0.975,18,0.90972,20,97690,0,2,0,25
330,0,3,0.0,35,6,4,5,6,0,0,1.0,12,0.80909,18,72656,0,0,0,210
331,0,7,30.0,0,0,5,4,4,0,0,0.88571,18,0.75556,28,83277,5,2,1,77
332,0,6,0.0,21,3,6,3,4,0,0,0.92857,10,0.94,21,78612,6,0,0,83
333,0,1,0.0,15,1,9,3,2,0,0,0.95833,4,0.90625,15,72573,0,0,0,24
334,0,1,0.0,9,2,2,3,2,0,0,0.90323,6,0.875,9,41590,0,0,1,23
335,0,2,16.0,0,0,20,3,1,0,4,1.0,14,0.92143,33,57998,0,2,0,63
336,0,5,29.0,24,6,4,6,7,0,1,0.86842,24,0.90833,24,100936,3,2,0,124
337,0,3,0.0,0,0,22,3,4,1,1,0.78947,19,0.98947,24,51638,0,0,0,178
338,0,4,0.0,32,4,2,7,5,0,0,0.925,16,0.925,31,91941,4,0,0,83
339,0,7,61.67,0,0,9,5,2,1,0,0.88372,9,0.94444,32,61596,3,3,0,309
340,0,3,0.0,0,0,4,1,1,0,0,0.5,6,0.95,31,55716,0,0,1,177
341,0,6,17.17,27,7,43,10,7,0,1,0.91489,23,0.91739,27,156570,8,6,0,101
342,0,9,100.0,41,7,46,21,7,0,2,0.96364,24,0.98298,28,227661,7,1,0,316
343,0,6,0.0,15,1,2,3,3,0,0,0.89474,10,0.91,15,45872,4,0,0,66
344,0,5,0.0,18,3,21,5,4,0,0,0.875,16,0.9375,18,49632,3,0,0,194
345,1,5,12.0,0,0,24,13,3,1,0,0.89474,12,0.89167,16,57346,1,1,0,72
346,0,2,0.0,6,1,9,2,1,0,0,0.63636,3,0.875,6,42591,0,0,0,25
347,0,0,0.0,0,0,2,0,0,0,0,0.0,0,0.0,0,96029,0,0,0,49
348,0,7,17.67,0,0,32,6,4,0,2,0.91892,23,0.79565,26,76104,14,3,0,62
349,0,6,0.0,25,5,17,8,6,0,0,0.96078,21,0.92857,24,132505,11,0,0,86
350,0,4,0.0,14,5,8,6,7,0,0,0.9697,19,0.92432,7,50740,2,0,0,132
351,1,10,0.0,27,4,17,11,11,1,1,0.93671,17,0.88235,27,172931,5,0,0,166
352,0,1,0.0,16,4,8,2,4,0,0,1.0,9,0.91667,16,58774,0,0,0,32
353,0,0,0.0,0,0,0,0,0,0,0,0.0,0,0.0,0,41450,0,0,0,14
354,0,1,0.0,12,3,12,3,4,0,0,0.93478,11,0.89773,12,61528,0,0,0,27
355,0,7,0.0,0,0,69,19,2,0,0,0.97297,12,0.95833,22,505691,3,0,0,85
356,0,2,0.0,3,1,10,2,2,0,0,1.0,5,0.775,3,44777,4,0,0,23
357,0,4,0.0,12,5,14,8,5,0,0,0.8871,15,0.92,11,89099,9,0,0,73
358,0,6,0.0,20,3,15,6,3,0,0,0.90909,13,0.91538,20,66637,7,0,0,142
359,0,8,0.0,0,0,37,7,6,0,0,0.98077,24,0.8375,38,108887,2,0,0,305
360,0,6,0.0,35,5,9,3,5,0,0,0.85,17,0.84118,34,102049,2,0,0,194
361,1,3,20.83,24,2,0,5,6,1,0,0.83721,15,0.88667,23,67289,0,6,0,131
362,0,3,0.0,0,0,6,1,3,0,0,0.84211,4,0.85,25,48089,3,0,0,133
363,0,8,15.8,16,3,19,9,3,0,0,0.91667,7,0.92857,15,51173,0,5,0,59
364,0,9,11.0,36,6,70,14,7,0,0,0.96721,17,0.92353,35,152583,15,3,0,181
365,0,8,21.0,32,2,35,7,3,0,0,1.0,3,0.88,19,99943,8,1,0,168
366,0,5,0.0,30,4,1,5,7,0,1,0.84906,20,0.835,29,104521,13,0,0,106
367,0,8,0.0,28,4,24,9,5,0,0,0.85185,18,0.76667,28,57555,8,0,0,145
368,0,3,64.33,20,1,9,5,1,0,0,0.75,7,0.95714,20,63658,6,3,1,50
369,0,3,0.0,0,0,5,0,0,0,0,0.0,0,0.0,0,58841,0,0,0,116
370,0,2,0.0,5,3,21,3,4,0,0,1.0,7,0.25714,4,60861,5,0,0,194
371,0,5,0.0,0,0,22,7,3,0,0,0.84848,4,0.825,22,44683,0,0,0,48
372,0,6,20.0,20,5,38,20,5,0,1,0.79545,22,0.92273,20,94718,6,2,0,280
373,0,6,0.0,22,4,61,11,5,0,0,0.98214,19,0.94681,7,98192,0,0,0,145
374,0,8,0.0,36,3,22,5,5,0,0,0.9375,10,0.8,36,66800,12,0,0,260
375,1,9,0.0,19,4,6,8,9,0,0,0.93182,18,0.83889,18,48484,8,0,0,49
376,0,4,0.0,0,0,30,2,2,0,0,0.85714,4,0.8,12,111802,1,0,0,114
377,0,6,0.0,18,5,5,7,5,1,0,0.92308,19,0.79605,17,63905,4,0,0,33
378,0,3,0.0,0,0,8,1,3,0,1,1.0,14,0.98113,3,39568,0,0,0,24
379,0,0,0.0,0,0,0,0,0,0,0,0.0,0,0.0,0,44968,0,0,0,18
380,0,5,0.0,29,2,60,14,6,1,0,0.87931,18,0.91667,29,82308,3,0,2,237
381,0,4,0.0,19,1,10,2,2,0,0,1.0,5,0.82,19,39673,0,0,0,160
382,0,6,0.0,16,3,13,6,6,0,0,0.81818,18,0.86111,16,53752,0,0,0,125
383,0,3,0.0,0,0,14,6,0,0,0,1.0,0,0.0,0,44221,0,0,0,86
384,3,1,71.5,23,3,0,4,4,0,0,0.90909,10,0.925,23,46994,3,2,0,26
385,0,5,23.0,25,6,0,5,6,0,1,0.93103,22,0.8764,25,114708,7,1,2,43
386,0,0,0.0,0,0,9,0,2,0,0,0.8,11,0.67273,36,57223,0,0,0,63
387,0,5,0.0,0,0,2,6,7,1,0,0.95349,14,0.72143,21,77977,0,0,1,197
388,0,6,0.0,17,4,78,10,4,0,0,1.0,10,0.89474,2,121616,16,0,0,159
389,1,5,17.0,24,7,10,7,7,4,0,0.88889,15,0.84,24,41803,2,5,0,56
390,0,6,0.0,17,3,25,3,4,0,0,0.75,6,0.9,17,91322,12,0,0,88
391,0,4,0.0,27,2,10,2,2,0,0,1.0,6,0.86667,27,40967,0,0,0,82
392,0,7,0.0,26,2,21,5,4,0,0,0.85106,11,0.88182,26,67496,7,0,0,206
393,0,5,13.0,14,5,22,7,5,0,3,0.90698,29,0.88362,12,164115,6,3,1,36
394,0,5,0.0,14,6,14,8,6,1,0,0.85,16,0.86875,14,65777,7,0,0,83
395,0,10,0.0,26,3,42,6,6,0,0,0.94595,14,0.81429,26,80670,10,0,0,305
396,0,7,26.0,35,6,11,8,7,1,0,0.98077,11,0.89091,34,81524,4,1,0,198
397,0,7,0.0,9,2,5,8,5,1,0,0.88,6,0.875,1,58562,2,0,0,73
398,0,5,0.0,13,4,6,5,4,0,0,0.86957,10,0.98,13,57834,4,0,0,63
399,0,5,60.0,16,1,7,2,2,0,0,1.0,6,0.875,16,64717,0,2,0,34
400,0,8,11.4,0,0,1,4,5,0,1,0.93939,21,0.87619,23,48478,9,5,0,74
401,0,8,0.0,25,4,9,8,7,1,0,0.92683,8,0.7375,25,98563,10,0,0,208
402,0,5,0.0,34,2,17,8,3,0,0,0.89655,21,0.99057,20,113082,9,0,0,217
403,0,7,7.25,15,3,57,21,5,0,0,0.97917,15,0.99333,14,154224,8,4,0,141
404,0,7,14.0,22,5,13,7,7,0,1,0.96078,21,0.82941,21,65806,6,1,1,43
405,0,6,0.0,16,5,1,5,5,0,0,0.85714,12,0.93333,16,76373,0,0,0,179
406,0,3,0.0,0,0,1,1,1,0,0,0.83333,2,0.65,22,48788,5,0,0,84
407,0,9,30.0,27,3,5,6,5,1,0,0.88889,13,0.87692,26,63996,6,1,0,168
408,0,2,0.0,16,2,2,2,2,0,0,0.91667,5,0.7,16,65591,3,0,0,63
409,2,11,18.0,17,6,35,15,6,2,0,0.91803,13,0.93269,17,72938,9,1,0,25
410,1,6,58.5,0,0,12,9,6,1,1,0.9697,16,0.89583,18,45678,7,2,1,9
411,0,2,0.0,30,2,4,3,3,0,0,0.94737,10,0.69,30,45909,1,0,0,129
412,0,5,13.5,28,5,1,3,5,0,0,0.82609,17,0.86471,28,41033,0,2,0,49
413,0,4,0.0,0,0,18,5,1,0,0,0.88372,5,0.72,9,61570,0,0,0,90
414,0,0,0.0,0,0,8,1,2,0,0,0.93333,4,0.875,28,42451,0,0,0,93
415,0,2,50.5,40,3,18,6,3,1,0,0.95652,5,0.92,40,102515,1,2,1,67
416,0,11,0.0,22,7,11,9,7,1,0,0.79688,19,0.74211,22,92660,3,0,0,105
417,0,4,0.0,0,0,0,4,4,1,0,0.93939,15,0.92,36,55547,4,0,0,144
418,0,4,13.0,35,2,4,3,3,0,0,1.0,8,0.8375,35,48163,0,4,0,269
419,0,4,16.0,0,0,1,1,3,1,1,0.76923,14,0.74286,26,43768,3,1,1,67
420,0,7,21.5,11,5,18,9,5,1,1,0.9403,11,0.92727,11,100649,11,4,0,54
421,1,4,0.0,18,4,7,5,4,2,0,0.86364,7,0.7,18,40374,2,0,0,158
422,0,4,0.0,0,0,6,2,3,0,0,0.84211,13,0.88462,14,43018,4,0,0,71
423,1,6,41.0,0,0,0,5,7,1,0,1.0,16,0.85938,17,45433,3,2,0,24
424,0,2,14.5,28,4,14,3,4,0,0,0.86364,17,0.84118,27,46809,3,2,0,272
425,0,8,0.0,0,0,3,4,4,0,1,0.93939,11,0.90909,27,65596,6,0,1,24
426,0,7,22.0,36,4,2,5,5,0,1,0.97222,13,0.84252,28,132917,8,1,0,64
427,0,7,69.33,25,2,22,6,2,0,0,0.98,7,0.94286,25,46033,1,3,0,61
428,0,3,0.0,36,3,11,3,3,0,0,1.0,10,0.93,36,89377,3,0,1,207
429,0,7,21.5,41,5,15,3,5,0,0,0.94118,20,0.825,41,82849,0,2,0,242
430,0,2,0.0,20,1,49,5,1,0,0,0.88462,4,0.9,20,49353,0,0,0,208
431,0,5,11.33,0,0,7,4,0,0,0,1.0,3,0.73333,27,81734,3,3,0,97
432,0,0,0.0,0,0,12,0,0,0,0,0.0,0,0.0,0,43362,0,0,0,82
433,0,5,0.0,23,1,2,9,8,1,0,0.97222,13,0.63846,23,65002,6,0,0,259
434,0,4,42.67,28,3,0,3,5,0,3,0.80769,33,0.88636,27,70122,4,3,1,29
435,0,10,66.5,20,6,80,15,8,0,1,0.94118,26,0.83462,19,185601,16,2,1,51
436,0,9,1.89,19,4,32,7,4,0,0,0.83333,13,0.78462,18,71940,16,28,0,141
437,0,0,0.0,0,0,13,0,0,0,0,0.0,0,0.0,0,74996,0,0,0,16
438,0,4,15.5,27,2,18,6,4,1,0,0.97436,18,0.9,27,42906,0,4,0,111
439,1,4,0.0,0,0,9,4,5,1,0,0.87097,15,0.74667,19,41093,1,0,0,88
440,0,5,10.6,23,1,5,4,7,0,0,0.97101,21,0.94286,23,97368,0,5,0,209
441,0,6,0.0,0,0,9,4,5,1,0,0.86957,9,0.85185,16,65203,6,0,1,12
442,0,0,0.0,0,0,0,0,0,0,0,0.0,0,0.0,0,52050,0,0,0,161
443,0,2,19.0,16,3,0,3,6,0,0,0.93939,21,0.87143,16,68312,8,3,0,95
444,0,9,0.0,28,6,53,27,6,0,1,0.96667,21,0.94762,27,131255,9,0,0,83
445,0,6,0.0,25,6,7,5,6,0,0,0.87097,12,0.86667,24,71238,3,0,0,49
446,0,9,32.75,0,0,60,10,4,0,0,0.92453,21,0.89048,39,130504,17,8,0,275
447,0,1,0.0,27,1,0,4,4,1,0,0.86364,7,0.84286,27,51551,3,0,0,84
448,0,10,41.0,28,1,35,17,3,0,2,1.0,32,0.8,28,104211,8,1,0,49
449,0,7,0.0,15,1,2,3,6,0,0,0.925,19,0.85789,15,76496,8,0,1,50
450,0,4,0.0,26,1,12,3,3,1,0,0.83333,3,0.86667,26,159826,9,0,0,84
451,0,4,0.0,11,2,12,4,2,0,0,0.89362,3,0.80769,11,45376,0,0,1,43
452,0,3,0.0,0,0,8,3,1,0,0,1.0,1,0.9,17,45011,9,0,0,140
453,1,8,63.33,0,0,2,6,6,1,2,0.94118,11,0.92727,23,52692,13,3,0,70
454,0,4,0.0,41,3,0,5,5,0,0,0.86364,20,0.985,41,74944,7,0,0,212
455,1,8,93.5,0,0,12,9,6,1,0,0.94444,15,0.9,23,58930,5,2,1,36
456,0,8,17.0,27,4,24,10,5,0,0,0.91489,20,0.725,26,93216,8,2,1,168
457,0,11,0.0,41,4,134,14,5,1,1,0.9375,21,0.98571,41,206031,19,0,0,286
458,0,9,0.0,0,0,1,5,5,0,0,0.98039,10,0.82,36,108689,7,0,0,268
459,0,7,0.0,24,1,17,8,3,0,0,0.91176,4,0.95,24,79281,10,0,0,125
460,0,1,0.0,0,0,2,2,2,1,0,0.93333,3,0.93333,17,40493,0,0,1,50
461,0,9,0.0,0,0,20,5,4,0,0,0.89474,7,0.84615,22,119073,13,0,0,151
462,0,6,22.8,15,6,15,9,6,0,0,1.0,25,0.92655,3,86447,6,5,0,59
463,0,4,0.0,17,1,25,10,5,0,0,0.88636,17,0.92353,17,96146,4,0,1,128
464,0,5,0.0,0,0,6,3,5,0,0,0.94286,15,0.92,21,70132,7,0,0,202
465,0,8,0.0,33,6,30,17,6,0,0,0.94521,18,0.79444,33,155924,9,0,0,220
466,0,12,0.0,15,1,14,9,7,1,0,0.89552,17,0.83832,5,100989,9,0,0,64
467,0,4,0.0,15,1,36,5,3,0,0,0.87097,15,0.92667,15,49534,6,0,0,172
468,0,9,13.86,26,3,16,7,5,0,0,0.86441,17,0.82941,25,112207,12,7,0,81
469,0,4,0.0,19,3,28,5,4,0,0,0.85714,7,0.92857,19,40225,11,0,0,131
470,0,6,0.0,36,2,3,5,5,0,0,0.85,7,0.94286,36,111373,14,0,0,248
471,0,4,0.0,0,0,9,2,1,0,0,0.8,4,0.925,21,39447,0,0,0,126
472,0,4,0.0,22,2,32,4,3,0,0,0.96154,11,0.6,22,43494,1,0,0,186
473,0,6,12.0,17,3,22,8,4,0,1,0.93333,21,0.84286,16,78566,0,1,1,59
474,0,6,0.0,32,5,7,8,5,0,2,0.97778,28,0.95357,32,46496,0,0,1,249
475,0,8,0.0,18,7,31,16,7,0,0,0.84211,14,0.95,18,80960,5,0,0,124
476,0,5,0.0,36,4,28,11,3,0,0,0.93333,15,0.82667,36,104203,1,0,0,305
477,0,4,0.0,26,6,11,8,6,1,0,1.0,10,0.81,25,44179,0,0,0,62
478,0,0,19.0,21,1,3,1,2,0,0,0.93333,7,0.77143,21,55452,0,1,0,70
479,0,6,0.0,33,8,64,24,8,0,0,0.92593,19,0.91053,33,135472,13,0,0,169
480,0,11,6.67,37,8,168,24,8,0,1,1.0,24,0.91667,36,306104,25,3,0,314
481,0,9,0.0,17,3,20,16,3,2,0,0.93023,11,0.92727,17,56854,6,0,0,89
482,0,0,0.0,28,2,14,3,2,0,0,0.85714,6,0.75,28,70437,0,0,0,236
483,0,11,52.0,28,5,6,9,12,2,2,0.90625,23,0.80435,27,241038,19,1,0,86
484,0,7,0.0,30,1,14,11,7,1,0,0.95,11,0.73636,30,125205,9,0,0,189
485,0,6,22.5,35,6,77,23,7,1,1,0.88525,19,0.84737,35,176013,13,2,0,275
486,0,6,0.0,19,10,9,13,10,1,1,0.89231,22,0.92273,18,68077,4,0,0,122
487,0,5,0.0,35,2,13,5,4,0,0,0.92857,6,0.8,34,68105,11,0,0,105
488,0,6,0.0,30,5,17,5,5,0,0,0.8,22,0.69091,30,42161,4,0,0,285
489,1,4,0.0,14,4,7,7,4,1,0,0.96667,7,0.83929,14,42630,5,0,0,24
490,0,5,0.0,36,4,34,7,5,0,0,0.90323,20,0.905,36,63011,2,0,0,176
491,0,6,0.0,36,3,2,5,4,0,0,0.92105,14,0.93571,36,65592,0,0,0,220
492,0,0,25.67,0,0,8,0,0,0,0,0.0,0,0.0,0,44645,0,3,0,81
493,0,6,0.0,23,2,3,3,4,0,0,0.77778,8,0.875,23,44595,4,0,0,169
494,1,7,36.5,19,4,12,8,6,1,1,0.92,18,0.9127,18,50986,5,2,0,16
495,0,6,0.0,38,4,17,11,5,1,1,0.95238,17,0.91447,2,95460,1,0,0,169
496,0,4,55.0,16,4,7,7,4,0,0,0.95238,6,0.85,15,57460,6,1,0,63
497,0,7,11.5,19,3,12,4,5,0,1,0.89655,13,0.92308,18,54487,6,2,1,36
498,0,4,0.0,18,5,25,8,5,0,0,0.72222,17,0.8,18,119021,6,0,0,116
499,0,7,0.0,6,1,26,7,4,1,0,0.92405,10,0.91,6,56605,6,0,0,110
500,0,10,44.86,28,6,76,22,6,0,0,0.98246,18,0.78889,28,192713,15,7,0,280
501,0,4,0.0,19,3,9,5,3,0,0,0.95652,6,0.77083,19,55887,0,0,0,27
502,0,7,62.0,0,0,7,5,3,2,2,0.85185,13,0.90769,25,58801,2,2,0,80
503,0,9,0.0,0,0,25,15,9,1,0,0.87879,11,0.86364,34,218171,10,0,0,80
504,0,2,0.0,23,6,30,15,6,0,0,0.97436,10,0.95,23,68723,4,0,0,183
505,0,2,0.0,10,1,19,5,1,0,0,0.97436,10,0.88571,10,92489,0,0,0,20
506,0,9,38.25,16,8,2,5,8,0,0,0.96154,22,0.9,15,68130,7,4,1,59
507,0,9,9.63,38,6,70,20,6,0,1,0.98246,23,0.73478,37,124221,5,19,0,96
508,0,12,0.0,27,1,27,5,4,0,0,0.78571,12,0.96667,27,63941,8,0,0,62
509,0,2,0.0,25,2,0,1,2,0,2,1.0,12,0.93333,24,50116,0,0,0,70
510,0,5,6.8,16,5,13,7,4,0,1,0.90196,24,0.86522,15,137495,7,5,1,47
511,0,8,21.67,12,6,21,8,6,0,0,0.95614,19,0.85789,12,185688,7,3,0,72
512,0,0,0.0,0,0,0,0,0,0,0,0.0,0,0.0,0,42323,0,0,0,20
513,0,0,0.0,0,0,0,0,1,0,0,0.0,5,0.94,27,45391,0,0,0,68
514,0,6,0.0,36,6,8,8,6,0,0,0.975,19,0.86061,6,100942,6,0,0,253
515,0,1,0.0,0,0,18,1,0,0,0,0.0,1,1.0,4,61382,1,0,0,30
516,0,6,0.0,19,3,14,4,4,0,0,0.86486,9,0.88889,19,56596,0,0,2,157
517,0,4,35.2,0,0,0,5,8,3,1,0.88889,19,0.89474,25,64902,0,5,0,40
518,0,2,0.0,30,3,15,9,3,0,0,0.91667,12,0.83333,29,66102,0,0,2,117
519,0,6,12.2,27,7,14,12,7,2,2,0.95122,19,0.88421,26,76273,3,5,0,76
520,0,4,0.0,37,5,8,4,5,0,0,0.88,15,0.87143,28,105015,2,0,0,184
521,0,0,0.0,21,1,6,3,1,0,0,0.77778,5,1.0,21,46826,4,0,0,84
522,0,4,0.0,0,0,9,3,2,1,0,0.625,4,0.725,16,71151,9,0,0,61
523,0,3,22.5,0,0,13,2,1,0,0,1.0,4,0.84375,24,49421,0,2,0,24
524,0,3,11.5,0,0,11,3,1,0,1,1.0,16,0.92188,5,42846,0,4,0,33
525,0,3,0.0,25,4,1,3,4,0,0,1.0,11,0.89524,10,54879,0,0,0,64
526,0,5,0.0,23,1,16,9,3,0,0,0.89189,6,0.93333,23,62484,3,0,0,215
527,0,4,0.0,0,0,9,1,3,0,0,0.94444,9,0.71111,16,45269,0,0,1,56
528,0,4,13.0,15,1,7,4,3,0,0,0.91429,15,0.9,14,70621,2,1,0,99
529,0,6,46.0,37,3,25,20,3,0,0,0.98113,9,0.75556,36,105539,7,3,0,236
530,0,7,8.36,0,0,4,6,6,0,1,0.90698,21,0.93333,23,80598,2,14,0,81
531,0,6,0.0,19,3,0,4,4,0,0,1.0,8,0.825,19,124947,7,0,0,105
532,0,4,23.0,17,3,6,7,3,0,2,0.92593,17,0.87059,17,49072,0,1,0,56
533,0,7,27.0,33,4,0,4,6,1,0,0.81579,16,0.83125,32,116332,0,3,0,205
534,0,6,19.25,0,0,0,3,5,0,0,0.82857,13,0.85385,32,79021,15,4,1,208
535,0,5,0.0,24,4,10,4,3,0,0,0.85185,8,0.7625,24,42753,0,0,0,91
536,0,1,49.0,30,2,1,1,2,0,0,1.0,6,0.83333,29,48296,3,1,0,44
537,0,9,0.0,0,0,53,5,4,0,0,0.94286,18,0.87222,20,103557,5,0,1,148
538,1,8,0.0,11,4,23,9,4,1,0,0.85057,15,0.80667,11,70265,4,0,0,139
539,0,3,0.0,0,0,10,0,0,0,0,0.0,0,0.0,0,146101,0,0,0,77
540,0,7,26.0,25,5,3,7,6,1,0,0.94118,16,0.8125,25,205149,9,5,0,70
541,0,6,30.67,16,3,5,4,5,0,1,0.9,18,0.93056,14,101645,8,3,0,26
542,0,0,0.0,0,0,37,0,0,0,0,0.0,0,0.0,0,113295,0,0,0,196
543,0,9,0.0,25,4,24,7,5,1,0,0.8913,12,0.875,25,73834,5,0,0,193
544,0,1,0.0,24,1,6,2,2,0,0,0.95,9,0.82222,24,99121,0,0,0,175
545,1,5,7.08,15,4,2,5,6,1,0,0.94118,16,0.8875,15,44604,0,12,0,156
546,0,5,9.0,28,8,9,6,8,0,2,0.925,24,0.6625,28,96463,5,7,2,107
547,0,8,0.0,31,2,4,5,4,0,0,0.87234,9,0.93333,31,76927,0,0,0,156
548,0,7,0.0,12,1,14,9,7,2,1,0.96491,22,0.90909,11,78436,8,0,1,18
549,0,0,0.0,0,0,0,0,0,0,0,0.0,0,0.0,0,39974,0,0,0,16
550,0,8,22.67,0,0,1,2,6,0,1,0.97727,25,0.895,13,90493,0,3,1,29
551,0,6,0.0,35,4,0,5,6,0,0,0.9375,18,0.82222,34,76210,0,0,0,145
552,0,8,0.0,13,5,26,9,7,0,0,0.85135,20,0.795,12,123330,17,0,0,103
553,0,5,0.0,0,0,9,3,2,0,0,0.88235,3,0.73333,13,40507,0,0,0,45
554,0,5,0.0,20,2,6,4,3,0,0,0.82353,19,0.81053,19,45632,1,0,0,153
555,0,7,0.0,27,5,5,6,5,0,0,0.96296,19,0.8,27,63681,3,0,0,80
556,1,5,46.67,0,0,2,3,7,1,0,0.90476,21,0.91905,15,54032,2,3,0,74
