,log_date,app_name,user_id,A1,A2,A3,A4,A5,A6,A7,A8,A9,A10,A11,A12,A13,A14,A15,A16,A17,A18,A19,A20,A21,A22,A23,A24,A25,A26,A27,A28,A29,A30,A31,A32,A33,A34,A35,A36,A37,A38,A39,A40,A41,A42,A43,A44,A45,A46,A47,A48,A49,A50,A51,A52,A53,A54
0,2013-10-31,game-01,425530,0,0,0,0,10,1,233,58.25,288,230,19,2,19,13,13,28,6,11,0,0,0,0,0,0.5,0.92857,0.9375,0,0,0,0,0,0,0,0,0,0,0,0,0,0,0,0,23,0.92174,19,20,180543,347,36,22,4,0,0.0,71
1,2013-10-31,game-01,776120,0,0,0,0,9,0,0,0.0,325,195,38,8,19,10,11,25,11,11,0,0,0,0,0,0.0,0.92424,0.94462,0,0,0,0,0,0,0,0,0,0,0,0,0,0,0,0,20,0.90256,19,38,142214,684,37,15,0,0,0.0,312
2,2013-10-31,game-01,276197,0,0,0,0,7,0,58,7.25,150,100,15,3,11,5,5,19,3,7,0,0,0,0,0,0.0,0.83333,0.86,0,0,0,0,0,0,0,0,0,0,0,0,0,0,0,0,10,0.92,15,15,54602,4226,15,0,8,0,0.0,95
3,2013-10-31,game-01,221572,0,0,0,0,1,0,0,0.0,40,14,0,0,3,0,1,13,1,1,0,0,0,0,0,0.0,0.90909,0.875,0,0,0,0,0,0,0,0,0,0,0,0,0,0,0,0,2,0.85714,24,24,39891,5792,4,0,0,0,0.0,21
4,2013-10-31,game-01,692433,0,0,0,0,6,0,0,0.0,102,95,0,0,2,2,5,12,5,3,0,0,0,0,0,0.0,1.0,0.92157,0,0,0,0,0,0,0,0,0,0,0,0,0,0,0,0,11,0.73684,15,28,50706,4549,16,8,0,0,0.0,154
5,2013-10-31,game-01,424225,0,0,0,0,9,0,0,0.0,200,190,29,8,14,7,7,24,8,9,0,2,0,0,0,0.0,0.875,0.87,0,0,0,0,0,0,0,0,0,0,0,0,0,0,0,0,19,0.83158,28,29,85909,2258,23,10,0,1,0.9,297
6,2013-10-31,game-01,107707,0,0,0,0,7,6,96,10.67,202,330,27,5,9,9,10,29,8,5,0,2,0,0,4,0.0,0.95556,0.87129,0,0,0,0,0,0,0,0,0,0,0,0,0,0,0,0,33,0.83939,26,27,121730,1056,22,6,9,0,0.0,130
7,2013-10-31,game-01,476345,0,1,0,0,2,0,69,23.0,211,100,16,3,16,8,8,25,5,3,0,0,0,0,0,0.0,0.82609,0.85308,0,0,0,0,0,0,0,0,0,0,100,0,0,0,0,0,10,0.88,16,16,131492,854,24,9,3,0,0.0,96
8,2013-10-31,game-01,611831,0,0,0,0,6,0,64,7.11,249,220,19,7,12,10,12,25,7,6,0,0,0,0,0,0.0,0.89796,0.84739,0,0,0,0,0,0,0,0,0,0,0,0,0,0,0,0,22,0.95455,19,19,99062,1702,27,5,9,0,0.0,150
9,2013-10-31,game-01,801373,0,0,0,0,2,1,0,0.0,77,120,19,2,15,6,6,17,2,2,0,0,0,0,0,0.0,0.8125,0.74026,0,0,0,0,0,0,0,0,0,0,0,0,0,0,0,0,12,0.75833,18,19,48811,4720,8,1,0,0,0.0,106
10,2013-10-31,game-01,233368,0,0,0,0,6,0,0,0.0,112,70,20,2,6,4,7,23,2,6,0,0,0,0,0,0.0,0.95652,0.92857,0,0,0,0,0,0,0,0,0,100,0,0,0,0,0,0,7,0.91429,20,21,78565,2603,12,2,0,0,0.0,58
11,2013-10-31,game-01,705026,0,0,0,0,8,0,257,85.67,224,180,0,0,90,16,17,30,3,6,0,0,0,0,0,1.0,0.95455,0.99107,0,0,0,0,0,0,0,0,0,0,0,0,0,0,0,0,18,1.0,41,41,316022,54,27,12,3,0,0.0,318
12,2013-10-31,game-01,633348,0,0,0,0,2,0,0,0.0,70,120,0,0,50,2,3,13,2,1,0,0,0,0,0,0.0,0.96429,0.91429,0,0,0,0,0,0,0,0,0,0,0,0,0,0,0,0,12,0.84167,11,12,44583,5184,9,4,0,0,0.0,49
13,2013-10-31,game-01,737893,0,0,0,0,4,0,64,32.0,190,130,0,0,34,8,10,13,3,6,0,0,0,0,0,0.5,0.90244,0.92105,0,0,0,0,0,0,0,0,0,0,0,0,0,0,0,0,13,0.93077,24,25,47328,4870,21,4,2,0,0.0,60
14,2013-10-31,game-01,343705,0,0,0,0,6,1,67,16.75,381,190,34,9,12,12,15,29,12,10,0,1,0,0,1,0.0,0.80263,0.89764,0,0,0,0,0,0,0,0,0,0,0,0,0,0,0,0,19,0.85263,33,34,160568,504,42,12,4,0,0.0,249
15,2013-10-31,game-01,827371,0,0,0,0,7,0,0,0.0,224,140,37,6,14,6,8,29,6,5,0,0,0,0,0,0.0,0.96364,0.92411,0,0,0,0,0,0,0,0,0,0,0,0,0,0,0,0,14,0.90714,37,37,119637,1102,23,1,0,0,0.0,201
16,2013-10-31,game-01,401184,0,0,0,0,8,1,0,0.0,282,160,23,3,90,15,16,18,5,8,0,0,0,0,0,0.0,0.93103,0.96454,0,0,0,0,0,0,0,0,0,0,100,100,0,0,0,0,16,0.7625,23,23,166560,452,32,12,0,0,0.0,82
17,2013-10-31,game-01,698195,0,0,0,0,5,1,0,0.0,290,80,35,6,28,15,15,31,6,12,2,0,0,0,1,0.0,0.87931,0.84828,0,0,0,0,0,0,0,0,0,3100,0,0,0,2100,0,0,8,0.9375,35,35,211428,209,33,11,0,0,0.0,265
18,2013-10-31,game-01,871680,0,0,0,0,6,0,0,0.0,179,200,16,1,0,3,6,17,5,6,0,0,0,0,0,0.0,0.9697,0.91061,0,0,0,0,0,0,0,0,0,0,0,0,0,0,0,0,20,0.815,15,16,66272,3359,20,7,0,0,0.0,79
19,2013-10-31,game-01,777158,0,0,0,0,6,0,42,21.0,331,140,33,7,13,17,18,19,8,11,0,1,0,0,0,0.0,0.92188,0.94562,0,0,0,0,0,0,0,0,0,0,0,0,0,0,0,0,14,0.94286,33,33,110691,1353,38,13,2,1,0.95,138
20,2013-10-31,game-01,927801,0,1,0,0,5,0,8,8.0,171,112,0,0,1,5,5,12,4,5,0,1,0,0,0,0.0,0.86957,0.91813,0,0,0,0,0,0,0,0,0,0,0,0,0,0,0,0,14,0.86607,17,18,40359,5735,18,0,1,0,0.0,25
21,2013-10-31,game-01,742696,0,0,0,0,3,0,0,0.0,73,50,0,0,16,4,5,13,2,3,0,0,0,0,0,0.0,1.0,0.9589,0,0,0,0,0,0,0,0,0,0,0,0,0,0,0,0,5,0.84,29,29,44571,5187,10,6,0,0,0.0,99
22,2013-10-31,game-01,215714,0,0,0,0,12,2,151,50.33,292,220,35,5,12,7,7,30,7,12,0,0,0,0,1,0.33333,0.93333,0.91096,0,0,0,0,0,0,0,0,0,0,0,0,0,0,0,0,22,0.84091,34,35,151889,591,31,6,3,0,0.0,82
23,2013-10-31,game-01,491502,0,0,0,0,4,1,0,0.0,115,150,0,0,0,2,3,15,4,4,0,0,0,0,1,0.0,0.96296,0.93043,0,0,0,0,0,0,0,0,0,0,0,0,0,0,0,0,15,0.80667,25,26,46892,4920,13,5,0,0,0.0,59
24,2013-10-31,game-01,31580,0,0,0,0,0,1,0,0.0,154,220,34,5,0,5,6,31,6,0,0,0,0,0,1,0.0,1.0,0.94156,0,0,0,0,0,0,0,0,0,0,0,0,0,0,0,0,22,0.82273,33,34,131274,860,16,2,0,0,0.0,179
25,2013-10-31,game-01,92249,0,0,0,0,11,1,0,0.0,216,190,41,5,64,15,16,29,5,5,0,0,0,0,1,0.0,1.0,0.99537,0,0,0,0,0,0,0,0,0,0,0,0,0,0,0,0,19,0.98421,41,41,196822,257,25,9,0,0,0.0,318
26,2013-10-31,game-01,265317,0,0,0,0,4,0,50,25.0,160,180,30,7,0,6,6,23,7,5,0,1,0,0,0,0.0,1.0,0.94375,0,0,0,0,0,0,0,0,0,0,0,0,0,0,0,0,18,0.75556,29,30,72474,2944,16,0,2,0,0.0,126
27,2013-10-31,game-01,202858,0,0,0,0,10,3,50,8.33,296,320,22,5,5,6,9,30,9,10,0,0,0,0,3,0.0,0.925,0.9223,0,0,0,0,0,0,0,0,0,0,0,0,0,0,0,0,32,0.8375,21,22,154739,562,32,8,6,0,0.0,95
28,2013-10-31,game-01,488929,0,0,0,0,2,0,0,0.0,118,180,22,1,45,1,4,21,4,2,0,0,0,0,0,0.0,0.95238,0.9322,0,0,0,0,0,0,0,0,0,0,0,0,0,0,0,0,18,0.86111,21,22,67885,3256,13,4,0,0,0.0,112
29,2013-10-31,game-01,833462,0,0,0,0,9,0,55,55.0,267,205,14,4,46,16,17,29,7,8,0,1,0,0,1,1.0,0.98387,0.96255,0,0,0,0,0,0,0,0,0,0,0,0,0,0,0,0,21,0.90244,3,14,234661,145,31,13,1,0,0.0,176
30,2013-10-31,game-01,93246,0,0,0,0,7,0,0,0.0,212,170,0,0,21,5,8,15,4,7,0,0,0,0,0,0.0,0.62903,0.7783,0,0,0,0,0,0,0,0,0,0,0,0,0,0,0,0,17,0.76471,13,13,60573,3741,26,11,0,0,0.0,196
31,2013-10-31,game-01,325178,0,0,0,0,3,0,0,0.0,120,70,27,3,0,2,3,26,3,0,0,0,0,0,0,0.0,0.94444,0.90833,0,0,0,0,0,0,0,0,0,0,0,0,0,0,0,0,7,0.81429,27,27,86311,2241,12,0,0,0,0.0,74
32,2013-10-31,game-01,564132,0,0,0,0,5,0,1,1.0,128,160,33,5,8,6,6,19,5,5,0,0,0,0,0,0.0,0.92857,0.91406,0,0,0,0,0,0,0,0,0,0,0,0,0,0,0,0,16,0.925,33,34,70880,3038,15,6,1,0,0.0,246
33,2013-10-31,game-01,776348,0,0,0,0,4,0,0,0.0,171,170,0,0,21,4,5,21,4,5,0,1,0,0,0,0.0,0.82857,0.88889,0,0,0,0,0,0,0,0,0,0,0,0,0,0,0,0,17,0.77059,13,14,70187,3083,18,3,0,0,0.0,122
34,2013-10-31,game-01,671661,0,0,0,0,5,1,97,12.13,209,189,0,0,2,4,7,20,7,8,0,1,0,0,0,0.0,0.95833,0.9378,0,0,0,0,0,0,0,0,0,0,0,0,0,0,0,0,27,0.90476,19,19,86712,2218,23,7,8,1,1.0,19
35,2013-10-31,game-01,464778,0,0,0,0,5,0,0,0.0,81,90,35,3,3,3,3,20,3,1,0,0,0,0,0,0.0,0.46154,0.71605,0,0,0,0,0,0,0,0,0,0,0,0,0,0,0,0,9,0.88889,35,35,68159,3240,9,3,0,0,0.0,158
36,2013-10-31,game-01,473858,0,1,0,0,7,0,0,0.0,198,152,0,0,0,7,9,16,9,7,0,2,0,0,0,0.0,0.88372,0.90404,0,0,0,0,0,0,0,0,0,0,0,0,0,0,0,0,19,0.89474,17,17,41258,5610,21,0,0,0,0.0,40
37,2013-10-31,game-01,7973,0,0,0,0,4,0,0,0.0,50,16,29,1,13,4,4,16,1,3,0,0,0,0,0,0.0,0.84615,0.9,0,0,0,0,0,0,0,0,0,0,0,0,0,0,0,0,2,0.625,29,29,61311,3690,6,2,0,0,0.0,40
38,2013-10-31,game-01,696807,0,0,0,0,6,0,0,0.0,141,150,0,0,7,1,4,22,3,6,0,0,0,0,0,0.0,0.48,0.53901,0,0,0,0,0,0,0,0,0,100,800,0,0,0,0,0,15,0.87333,32,32,86157,2249,18,13,0,0,0.0,250
39,2013-10-31,game-01,196694,0,0,0,0,4,0,0,0.0,95,72,0,0,4,3,3,10,2,5,0,2,0,0,0,0.0,1.0,0.92632,0,0,0,0,0,0,0,0,0,0,0,0,0,0,0,0,9,0.83333,12,12,39491,5845,11,3,0,1,1.0,37
40,2013-10-31,game-01,824345,0,0,0,0,6,1,0,0.0,268,190,36,5,20,11,12,29,8,9,0,1,0,0,1,0.0,0.90566,0.8806,0,0,0,0,0,0,0,0,0,0,0,0,0,0,0,0,19,0.72632,35,36,163460,480,31,13,0,0,0.0,158
41,2013-10-31,game-01,668014,0,0,0,0,8,0,0,0.0,230,130,21,6,2,6,7,24,7,5,0,0,0,0,0,0.0,0.92308,0.89565,0,0,0,0,0,0,0,0,0,0,0,0,0,0,0,0,13,0.85385,21,21,90421,2060,23,0,0,0,0.0,174
42,2013-10-31,game-01,482337,0,0,0,0,4,0,0,0.0,90,120,0,0,5,3,4,19,5,3,0,1,0,0,0,0.0,0.95833,0.94444,0,0,0,0,0,0,0,0,0,0,0,0,0,0,0,0,12,0.775,24,25,58942,3855,9,0,0,0,0.0,165
43,2013-10-31,game-01,882098,0,0,0,0,0,0,0,0.0,0,0,0,0,0,0,0,0,0,0,0,0,0,0,0,0.0,0.0,0.0,0,0,0,0,0,0,0,0,0,0,0,0,0,0,0,0,0,0.0,0,0,46132,5003,0,0,0,0,0.0,57
44,2013-10-31,game-01,759364,0,0,0,0,5,0,20,10.0,150,170,16,5,7,9,11,26,5,5,0,0,0,0,0,0.0,0.93103,0.90667,0,0,0,0,0,0,0,0,0,0,0,0,0,0,0,0,17,0.84706,15,16,109388,1384,17,5,2,1,0.9,68
45,2013-10-31,game-01,525162,0,0,0,0,4,0,0,0.0,60,40,27,1,10,4,4,14,3,4,0,1,0,0,0,0.0,0.85714,0.9,0,0,0,0,0,0,0,0,0,0,0,0,0,0,0,0,4,0.925,27,27,48830,4717,7,2,0,0,0.0,140
46,2013-10-31,game-01,808508,0,0,0,0,6,0,0,0.0,127,100,25,6,24,10,10,22,6,5,0,0,0,0,0,0.0,0.85185,0.88189,0,0,0,0,0,0,0,0,0,0,0,0,0,0,0,0,10,0.87,25,25,114500,1245,16,10,0,0,0.0,211
47,2013-10-31,game-01,678698,0,0,0,0,6,0,0,0.0,141,28,27,1,16,4,4,18,3,4,0,1,0,0,0,0.0,0.96154,0.95745,0,0,0,0,0,0,0,0,0,0,0,0,0,0,0,0,4,0.67857,27,27,73684,2867,15,3,0,0,0.0,21
48,2013-10-31,game-01,593170,0,0,0,0,1,0,0,0.0,30,60,40,3,3,2,3,13,3,0,0,0,0,0,0,0.0,1.0,0.96667,0,0,0,0,0,0,0,0,0,0,0,0,0,0,0,0,6,0.81667,40,40,42025,5520,3,0,0,0,0.0,309
49,2013-10-31,game-01,485383,0,1,0,0,2,0,0,0.0,133,42,0,0,13,8,8,9,3,5,0,1,0,0,0,0.0,0.80769,0.92481,0,0,0,0,0,0,0,0,0,0,0,0,0,0,0,0,5,0.88095,26,34,41908,5535,16,3,0,0,0.0,64
50,2013-10-31,game-01,390021,0,0,0,0,5,0,0,0.0,199,190,36,6,19,11,12,25,6,6,0,1,0,0,0,0.0,0.94444,0.88442,0,0,0,0,0,0,0,0,0,0,0,0,0,0,0,0,19,0.85263,35,36,120754,1079,22,7,0,0,0.0,314
51,2013-10-31,game-01,821067,0,0,0,0,2,1,45,5.63,110,150,32,4,14,5,5,23,4,2,0,0,0,0,1,0.0,0.77273,0.81818,0,0,0,0,0,0,0,0,0,0,0,0,0,0,0,0,15,0.86,32,33,91439,2016,11,0,8,1,0.9,267
52,2013-10-31,game-01,747218,0,0,0,0,9,1,116,23.2,280,120,34,5,11,13,13,27,6,10,0,0,0,0,0,0.4,0.94444,0.95714,0,0,0,0,0,0,0,0,0,0,0,0,0,0,0,0,12,0.94167,34,34,127327,931,31,10,5,0,0.0,136
53,2013-10-31,game-01,689976,0,0,0,0,6,0,0,0.0,216,130,17,2,5,10,11,25,6,7,0,2,0,0,0,0.0,0.89583,0.86111,0,0,0,0,0,0,0,0,0,0,0,0,0,0,0,0,13,0.82308,17,18,114753,1239,25,10,0,1,1.0,177
54,2013-10-31,game-01,320747,0,0,0,0,5,0,17,17.0,148,90,0,0,0,2,3,17,3,4,0,0,0,0,0,0.0,0.96875,0.90541,0,0,0,0,0,0,0,0,0,0,0,0,0,0,0,0,9,0.88889,30,30,46403,4975,16,4,1,0,0.0,245
55,2013-10-31,game-01,184158,0,0,0,0,2,0,0,0.0,153,20,35,2,42,12,13,11,2,4,0,0,0,0,0,0.0,0.93333,0.94118,0,0,0,0,0,0,0,0,0,0,0,0,0,0,0,0,2,1.0,35,35,54543,4231,18,6,0,0,0.0,150
56,2013-10-31,game-01,540753,0,0,0,0,12,3,113,22.6,318,260,30,9,35,13,15,29,10,12,0,2,0,0,3,0.2,0.91765,0.91824,0,0,0,0,0,0,0,0,0,0,0,0,0,0,0,0,26,0.93462,30,30,143430,674,33,4,5,0,0.0,75
57,2013-10-31,game-01,167067,0,0,0,0,3,1,0,0.0,70,180,14,4,1,3,3,21,4,2,0,1,0,0,0,0.0,0.61111,0.78571,0,0,0,0,0,0,0,0,0,0,0,0,0,0,0,0,18,0.83889,13,14,44583,5185,7,0,0,0,0.0,84
58,2013-10-31,game-01,17423,0,0,0,0,7,0,95,31.67,260,190,23,4,8,9,10,19,5,7,0,0,0,0,0,0.33333,0.88372,0.89231,0,0,0,0,0,0,0,0,0,0,0,0,0,0,0,0,19,0.81579,22,23,82178,2430,27,2,3,0,0.0,176
59,2013-10-31,game-01,748904,0,0,0,0,7,0,0,0.0,213,120,23,3,19,5,7,24,5,7,0,0,0,0,0,0.0,0.75,0.79343,0,0,0,0,0,0,0,0,0,0,0,0,0,0,0,0,12,0.925,23,23,111739,1319,27,19,0,0,0.0,239
60,2013-10-31,game-01,865209,0,0,0,0,5,0,46,46.0,190,120,0,0,0,6,6,21,7,5,0,1,0,0,0,1.0,1.0,0.94737,0,0,0,0,0,0,0,0,0,0,0,0,0,0,0,0,12,0.90833,18,19,84051,2331,19,0,1,0,0.0,96
61,2013-10-31,game-01,150752,0,0,0,0,11,1,60,60.0,179,180,15,3,19,5,5,41,3,6,0,0,0,0,2,1.0,0.97143,0.94972,0,0,0,0,0,0,0,0,700,1700,0,0,400,0,0,0,18,0.89444,15,15,380340,35,19,3,1,1,1.0,52
62,2013-10-31,game-01,421427,0,0,0,0,3,0,0,0.0,30,40,0,0,0,0,1,14,1,0,0,0,0,0,0,0.0,1.0,0.93333,0,0,0,0,0,0,0,0,0,0,0,0,0,0,0,0,5,0.95,20,20,55668,4131,3,0,0,0,0.0,40
63,2013-10-31,game-01,356232,0,0,0,0,7,0,58,19.33,309,170,24,5,44,12,13,24,5,7,0,0,0,0,0,0.0,0.94643,0.91586,0,0,0,0,0,0,0,0,0,0,0,0,0,0,0,0,17,0.91765,24,24,98087,1745,33,6,3,0,0.0,160
64,2013-10-31,game-01,10773,0,0,0,0,5,0,0,0.0,108,40,22,2,12,8,12,16,2,8,0,0,0,0,0,0.0,0.89286,0.91667,0,0,0,0,0,0,0,0,0,0,0,0,0,0,0,0,4,0.775,22,22,54793,4214,12,4,0,0,0.0,63
65,2013-10-31,game-01,751023,0,0,0,0,2,0,0,0.0,133,70,29,3,19,4,7,21,4,3,0,0,0,0,0,0.0,0.9,0.93985,0,0,0,0,0,0,0,0,0,0,0,0,0,0,0,0,7,0.87143,29,29,71422,3010,15,5,0,0,0.0,96
66,2013-10-31,game-01,27244,0,0,0,0,1,0,0,0.0,90,90,0,0,12,4,4,13,2,4,0,1,0,0,1,0.0,0.92308,0.9,0,0,0,0,0,0,0,0,0,0,0,0,0,0,0,0,9,0.94444,9,9,54873,4208,9,0,0,0,0.0,65
67,2013-10-31,game-01,312189,0,0,0,0,1,0,0,0.0,59,40,26,2,7,5,5,10,2,3,0,1,0,0,0,0.0,0.91667,0.94915,0,0,0,0,0,0,0,0,0,0,0,0,0,0,0,0,4,0.875,26,26,46504,4959,8,3,0,1,0.95,50
68,2013-10-31,game-01,846116,0,1,0,0,8,1,22,22.0,182,120,0,0,0,6,7,16,6,7,0,1,0,0,1,0.0,0.83333,0.91209,0,0,0,0,0,0,0,0,0,0,0,0,0,0,0,0,12,0.80833,28,28,74815,2802,20,6,1,0,0.0,59
69,2013-10-31,game-01,105678,0,0,0,0,5,0,43,21.5,230,200,0,0,1,5,6,22,5,8,0,0,0,0,1,0.0,0.86047,0.91304,0,0,0,0,0,0,0,0,0,0,0,0,0,0,0,0,20,0.77,38,39,80405,2512,23,0,2,0,0.0,311
70,2013-10-31,game-01,213086,0,0,0,0,6,1,18,9.0,226,150,0,0,29,7,7,19,7,5,0,1,0,0,1,0.0,0.88889,0.9115,0,0,0,0,0,0,0,0,0,0,0,0,0,0,0,0,15,0.83333,36,37,74427,2826,25,8,2,1,0.9,187
71,2013-10-31,game-01,188181,0,0,0,0,2,0,31,15.5,121,98,14,3,9,4,4,15,4,2,0,0,0,0,0,0.0,0.875,0.94215,0,0,0,0,0,0,0,0,0,0,0,0,0,0,0,0,14,0.86735,13,14,44519,5195,13,3,2,0,0.0,20
72,2013-10-31,game-01,435520,0,0,0,0,9,0,13,13.0,188,170,16,8,11,10,11,17,9,9,0,0,0,0,0,0.0,0.96429,0.93085,0,0,0,0,0,0,0,0,0,0,0,0,0,0,0,0,17,0.86471,16,16,61366,3683,26,14,1,1,0.9,58
73,2013-10-31,game-01,390687,0,0,0,0,4,1,0,0.0,150,220,12,5,12,4,5,16,5,4,0,0,0,0,1,0.0,0.90164,0.9,0,0,0,0,0,0,0,0,0,0,0,0,0,0,0,0,22,0.80455,11,12,40855,5664,15,0,0,0,0.0,81
74,2013-10-31,game-01,800776,0,0,0,0,8,2,134,26.8,181,181,13,3,15,8,10,26,3,7,0,0,0,0,2,0.2,0.83871,0.89503,0,0,0,0,0,0,0,0,0,0,0,0,0,0,0,0,23,0.8895,8,16,111011,1341,19,1,5,1,1.0,36
75,2013-10-31,game-01,505683,0,0,0,0,4,0,22,22.0,100,110,35,6,17,12,12,18,6,3,0,0,0,0,0,0.0,1.0,0.96,0,0,0,0,0,0,0,0,0,0,0,0,0,0,0,0,11,0.94545,35,35,71830,2983,13,8,1,0,0.0,252
76,2013-10-31,game-01,74681,0,0,0,0,8,2,111,6.53,271,240,23,3,9,8,12,18,8,8,0,0,0,0,2,0.0,0.90385,0.89668,0,0,0,0,0,0,0,0,0,0,0,0,0,0,0,0,24,0.95,23,24,55469,4149,31,2,17,1,1.0,158
77,2013-10-31,game-01,419508,0,0,0,0,2,0,0,0.0,50,50,0,0,7,1,2,11,2,2,0,0,0,0,0,0.0,0.92308,0.98,0,0,0,0,0,0,0,0,0,0,0,0,0,0,0,0,5,0.76,20,20,43910,5273,5,0,0,0,0.0,46
78,2013-10-31,game-01,800412,0,0,0,0,10,0,0,0.0,295,215,33,3,60,18,19,27,6,9,0,0,0,0,0,0.0,0.83333,0.82373,0,0,0,0,0,0,0,0,0,0,0,0,0,0,0,0,24,0.87442,6,33,164882,466,37,22,0,0,0.0,250
79,2013-10-31,game-01,436153,0,0,0,0,8,0,0,0.0,251,90,0,0,112,13,13,18,4,6,0,0,0,0,0,0.0,0.91667,0.92032,0,0,0,0,0,0,0,0,0,0,0,0,0,0,0,0,9,0.85556,16,16,119088,1117,28,7,0,0,0.0,181
80,2013-10-31,game-01,565035,0,0,0,0,5,0,74,24.67,215,200,0,0,18,5,7,20,5,5,0,0,0,0,0,0.0,0.76087,0.85581,0,0,0,0,0,0,0,0,0,0,0,0,0,0,0,0,20,0.86,17,18,57357,3985,23,5,3,0,0.0,136
81,2013-10-31,game-01,473727,0,0,0,0,7,0,66,6.6,271,180,38,6,44,8,10,35,8,10,0,1,0,0,0,0.0,0.76,0.86347,0,0,0,0,0,0,0,0,0,0,0,0,0,0,0,0,18,0.95556,33,41,237611,138,31,13,10,0,0.0,300
82,2013-10-31,game-01,732116,0,0,0,0,8,0,96,48.0,197,110,22,3,19,6,6,19,5,8,0,0,0,0,0,0.5,0.95122,0.92893,0,0,0,0,0,0,0,0,0,0,0,0,0,0,0,0,11,0.84545,22,22,99167,1697,20,1,2,0,0.0,46
83,2013-10-31,game-01,217932,0,0,0,0,1,0,0,0.0,0,0,0,0,4,0,0,0,0,0,0,0,0,0,0,0.0,0.0,0.0,0,0,0,0,0,0,0,0,0,0,0,0,0,0,0,0,0,0.0,0,0,45867,5041,0,0,0,0,0.0,10
84,2013-10-31,game-01,692383,0,0,0,0,3,0,0,0.0,80,60,0,0,12,3,4,17,3,4,0,1,0,0,0,0.0,0.88235,0.925,0,0,0,0,0,0,0,0,0,0,0,0,0,0,0,0,6,0.83333,22,22,52605,4392,8,0,0,0,0.0,206
85,2013-10-31,game-01,641058,0,0,0,0,2,0,0,0.0,142,180,28,5,15,6,6,18,5,2,0,0,0,0,0,0.0,0.88889,0.80282,0,0,0,0,0,0,0,0,0,0,0,0,0,0,0,0,18,0.91111,28,28,46222,4991,15,1,0,0,0.0,184
86,2013-10-31,game-01,361127,0,0,0,0,6,0,0,0.0,51,28,18,2,0,2,2,20,2,0,0,0,0,0,0,0.0,1.0,0.98039,0,0,0,0,0,0,0,0,0,0,0,0,0,0,0,0,4,0.82143,18,18,59505,3815,6,3,0,0,0.0,18
87,2013-10-31,game-01,872934,0,0,0,0,6,0,0,0.0,210,160,12,2,4,3,5,18,6,6,0,0,0,0,0,0.0,0.91111,0.89524,0,0,0,0,0,0,0,0,0,0,0,0,0,0,0,0,16,0.9,12,12,52718,4381,21,0,0,1,0.9,77
88,2013-10-31,game-01,757576,0,0,0,0,4,0,0,0.0,201,230,35,6,32,14,17,20,6,5,0,0,0,0,0,0.0,0.91176,0.97015,0,0,0,0,0,0,0,0,0,0,0,0,0,0,0,0,23,0.93478,35,35,70040,3094,22,4,0,0,0.0,242
89,2013-10-31,game-01,314117,0,0,0,0,3,0,0,0.0,145,110,20,4,31,9,9,14,4,3,0,0,0,0,0,0.0,0.93333,0.90345,0,0,0,0,0,0,0,0,0,0,0,0,0,0,0,0,12,0.93636,1,20,47437,4859,16,3,0,1,1.0,107
90,2013-10-31,game-01,156429,0,0,0,0,0,0,0,0.0,0,0,0,0,11,0,0,0,0,0,0,0,0,0,0,0.0,0.0,0.0,0,0,0,0,0,0,0,0,0,0,0,0,0,0,0,0,0,0.0,0,0,47739,4824,0,0,0,0,0.0,80
91,2013-10-31,game-01,241663,0,0,0,0,7,0,129,43.0,223,100,35,2,12,7,7,15,3,7,0,0,0,0,0,0.66667,0.93182,0.94619,0,0,0,0,0,0,0,0,0,0,0,0,0,0,0,0,10,0.81,35,35,80687,2499,25,9,3,0,0.0,201
92,2013-10-31,game-01,98766,0,0,0,0,4,3,46,11.5,251,270,38,3,23,10,12,25,7,4,0,1,0,0,3,0.0,1.0,0.90438,0,0,0,0,0,0,0,0,0,0,0,0,0,0,0,0,27,0.9,38,38,85541,2270,26,3,4,0,0.0,224
93,2013-10-31,game-01,22672,0,0,0,0,4,0,0,0.0,160,70,0,0,8,3,4,17,5,6,0,0,0,0,0,0.0,0.89189,0.86875,0,0,0,0,0,0,0,0,0,0,0,0,0,0,0,0,7,0.92857,31,31,48978,4705,18,4,0,0,0.0,124
94,2013-10-31,game-01,492588,0,0,0,0,5,0,0,0.0,120,80,0,0,2,2,3,13,3,5,0,0,0,0,0,0.0,0.95,0.91667,0,0,0,0,0,0,0,0,0,0,0,0,0,0,0,0,8,0.85,28,28,44020,5259,12,0,0,0,0.0,68
95,2013-10-31,game-01,570537,0,0,0,0,2,0,0,0.0,80,30,23,1,5,4,4,12,1,4,0,1,0,0,0,0.0,0.92593,0.95,0,0,0,0,0,0,0,0,0,0,0,0,0,0,0,0,3,0.8,23,24,46158,4999,8,0,0,0,0.0,76
96,2013-10-31,game-01,394008,0,0,0,0,8,0,0,0.0,162,180,0,0,0,4,4,15,5,6,0,0,0,0,0,0.0,0.91667,0.92593,0,0,0,0,0,0,0,0,0,0,0,0,0,0,0,0,18,0.84444,14,14,74625,2815,18,6,0,1,0.95,52
97,2013-10-31,game-01,870737,0,0,0,0,9,0,124,62.0,192,189,11,2,0,3,4,28,5,7,0,0,0,0,0,0.5,0.8587,0.85938,0,0,0,0,0,0,0,0,0,0,0,0,0,0,0,0,25,0.96825,1,10,129443,900,21,6,2,0,0.0,62
98,2013-10-31,game-01,484271,0,0,0,0,5,2,75,25.0,332,190,0,0,14,17,17,41,15,16,2,0,0,0,2,0.33333,0.92958,0.91265,0,0,100,0,0,0,0,0,0,3100,900,0,0,3400,0,0,19,0.85789,35,36,521032,21,41,26,3,0,0.0,209
99,2013-10-31,game-01,596056,0,0,0,0,6,0,56,14.0,228,180,34,6,25,9,9,29,6,6,0,0,0,0,0,0.0,0.93333,0.84211,0,0,0,0,0,0,0,0,0,0,0,0,0,0,0,0,18,0.82778,33,34,86781,2215,24,4,4,0,0.0,311
100,2013-10-31,game-01,914273,0,0,0,0,4,0,10,2.5,289,210,0,0,160,13,14,22,5,8,0,0,0,0,1,0.0,0.93506,0.91349,0,0,0,0,0,0,0,0,0,0,0,0,0,0,0,0,21,0.80952,17,18,122107,1045,32,8,4,1,0.95,167
101,2013-10-31,game-01,703890,0,0,0,0,6,0,0,0.0,75,44,36,3,8,6,6,23,3,1,0,0,0,0,0,0.0,0.94737,0.90667,0,0,0,0,0,0,0,0,0,0,0,0,0,0,0,0,6,0.93182,25,41,64066,3512,8,1,0,0,0.0,59
102,2013-10-31,game-01,752265,0,0,0,0,6,0,0,0.0,120,70,0,0,4,2,3,22,3,6,0,0,0,0,0,0.0,0.8,0.875,0,0,0,0,0,0,0,0,0,0,0,0,0,0,0,0,7,0.9,13,13,74110,2841,12,0,0,2,0.86111,87
103,2013-10-31,game-01,274452,0,0,0,0,7,0,0,0.0,251,220,39,5,57,13,15,25,5,8,0,0,0,0,0,0.0,0.67925,0.76096,0,0,0,0,0,0,0,0,0,0,0,0,0,0,0,0,22,0.94091,34,39,112411,1292,32,23,0,0,0.0,306
104,2013-10-31,game-01,594112,0,1,0,0,6,0,0,0.0,121,30,25,2,25,5,5,16,3,6,0,1,0,0,0,0.0,0.96296,0.92562,0,0,0,0,0,0,0,0,0,0,0,0,0,0,0,0,3,1.0,25,25,76880,2705,13,3,0,0,0.0,68
105,2013-10-31,game-01,533350,0,0,0,0,4,0,0,0.0,194,160,21,5,30,6,9,25,6,3,0,0,0,0,0,0.0,0.87879,0.8866,0,0,0,0,0,0,0,0,0,0,0,0,0,0,0,0,16,0.9125,21,21,96870,1795,20,2,0,0,0.0,192
106,2013-10-31,game-01,171027,0,0,0,0,5,0,0,0.0,235,60,17,3,29,12,12,14,4,5,0,0,0,0,0,0.0,0.96154,0.97021,0,0,0,0,0,0,0,0,0,0,0,0,0,0,0,0,6,0.88333,17,17,70391,3065,24,1,0,0,0.0,48
107,2013-10-31,game-01,583817,0,0,0,0,5,2,80,11.43,262,288,0,0,50,5,10,19,6,5,0,0,0,0,3,0.0,0.90164,0.92748,0,0,0,0,0,0,0,0,0,0,0,0,0,0,0,0,36,0.85417,14,14,98251,1737,27,2,7,1,0.82353,42
108,2013-10-31,game-01,955901,0,0,0,0,2,0,108,54.0,50,70,34,1,14,1,1,23,2,2,0,0,0,0,0,1.0,0.75,0.96,0,0,0,0,0,0,0,0,0,0,0,0,0,0,0,0,7,0.95714,34,34,71402,3012,5,0,2,0,0.0,205
109,2013-10-31,game-01,152689,0,0,0,0,3,0,0,0.0,10,10,22,1,0,0,1,17,1,0,0,0,0,0,0,0.0,1.0,0.8,0,0,0,0,0,0,0,0,0,0,0,0,0,0,0,0,1,0.6,22,22,44020,5258,1,0,0,0,0.0,90
110,2013-10-31,game-01,731882,0,0,0,0,5,0,165,33.0,132,112,0,0,12,5,5,15,2,5,0,0,0,0,0,0.4,1.0,0.9697,0,0,0,0,0,0,0,0,0,0,0,0,0,0,0,0,12,0.88393,23,24,52096,4436,15,6,5,1,0.88235,44
111,2013-10-31,game-01,826159,0,1,0,0,5,3,68,13.6,165,281,0,0,9,4,5,15,6,5,0,1,0,0,3,0.0,0.91667,0.92121,0,0,0,0,0,0,0,0,0,0,0,0,0,0,0,0,41,0.90391,7,9,40207,5756,19,5,5,2,0.89474,18
112,2013-10-31,game-01,689723,0,0,0,0,8,0,0,0.0,169,109,14,3,9,8,8,12,4,6,0,0,0,0,0,0.0,0.91667,0.92308,0,0,0,0,0,0,0,0,0,0,0,0,0,0,0,0,16,0.90826,14,14,60487,3745,19,2,0,1,0.77778,14
113,2013-10-31,game-01,611618,0,0,0,0,7,4,16,2.67,173,54,0,0,2,8,8,20,7,11,1,0,0,0,1,0.0,0.0,0.83815,400,0,0,0,0,0,0,0,600,0,0,100,0,1200,0,0,9,0.85185,3,5,100014,1670,20,9,6,0,0.0,7
114,2013-10-31,game-01,814817,0,0,0,0,5,0,0,0.0,249,170,36,6,37,8,8,28,7,5,0,0,0,0,0,0.0,0.95238,0.96787,0,0,0,0,0,0,0,0,0,0,0,0,0,0,0,0,17,0.81765,35,36,141157,698,27,7,0,0,0.0,189
115,2013-10-31,game-01,761819,0,0,0,0,9,1,0,0.0,233,200,18,2,13,7,8,29,6,9,0,0,0,0,0,0.0,0.8913,0.9485,0,0,0,0,0,0,0,0,0,0,0,0,0,0,0,0,20,0.92,18,18,149902,613,28,15,0,0,0.0,154
116,2013-10-31,game-01,50175,0,0,0,0,5,0,0,0.0,200,60,0,0,3,4,4,23,4,6,0,0,0,0,0,0.0,0.94872,0.93,0,0,0,0,0,0,0,0,0,0,0,0,0,0,0,0,6,0.83333,23,23,86474,2233,20,0,0,0,0.0,194
117,2013-10-31,game-01,652848,0,0,0,0,12,1,45,22.5,208,91,15,5,15,9,9,18,6,12,0,1,0,0,0,0.0,0.93023,0.88462,0,0,0,0,0,0,0,0,0,0,0,0,0,0,0,0,13,0.8022,14,15,57690,3958,22,4,2,0,0.0,21
118,2013-10-31,game-01,237780,0,0,0,0,3,0,55,13.75,130,126,0,0,0,2,3,18,4,3,0,0,0,0,0,0.0,0.8,0.81538,0,0,0,0,0,0,0,0,0,0,0,0,0,0,0,0,18,0.89683,21,21,64000,3520,13,0,4,1,0.9,18
119,2013-10-31,game-01,82502,0,0,0,0,6,0,0,0.0,127,120,0,0,2,3,4,19,4,6,0,0,0,0,0,0.0,0.93103,0.88976,0,0,0,0,0,0,0,0,0,0,0,0,0,0,0,0,12,0.94167,22,22,82987,2385,16,11,0,0,0.0,75
120,2013-10-31,game-01,710112,0,0,0,0,4,0,0,0.0,108,72,14,7,0,4,5,26,7,6,0,1,0,0,0,0.0,0.86207,0.87037,0,0,0,0,0,0,0,0,0,0,0,0,0,0,0,0,9,0.72222,14,14,109264,1391,12,4,0,0,0.0,35
121,2013-10-31,game-01,379455,0,0,0,0,4,0,0,0.0,141,120,18,2,4,5,5,21,4,6,0,1,0,0,0,0.0,0.96,0.92199,0,0,0,0,0,0,0,0,0,0,0,0,0,0,0,0,12,0.81667,18,18,62430,3607,15,3,0,0,0.0,88
122,2013-10-31,game-01,932452,0,0,0,0,4,0,0,0.0,150,180,0,0,21,6,9,14,4,5,0,0,0,0,0,0.0,0.88462,0.93333,0,0,0,0,0,0,0,0,0,0,0,0,0,0,0,0,18,0.95,22,23,55021,4196,21,9,0,0,0.0,133
123,2013-10-31,game-01,921809,0,0,0,0,11,4,108,36.0,302,220,33,5,51,8,12,30,7,11,0,1,0,0,2,0.33333,0.93333,0.93709,0,0,0,0,0,0,0,0,0,0,0,0,0,0,0,0,22,0.76364,33,33,175287,389,35,16,3,0,0.0,239
124,2013-10-31,game-01,5958,0,0,0,0,1,2,65,32.5,120,250,0,0,9,2,3,22,3,1,0,0,0,0,2,0.5,1.0,0.94167,0,0,0,0,0,0,0,0,0,0,0,0,0,0,0,0,25,0.896,26,26,88623,2133,12,0,2,0,0.0,66
125,2013-10-31,game-01,655642,0,1,0,0,9,0,13,6.5,233,210,35,2,27,9,10,25,8,9,0,1,0,0,0,0.0,0.91489,0.93991,0,0,0,0,0,0,0,0,0,0,0,0,0,0,0,0,21,0.87619,35,35,86662,2222,25,5,2,1,0.95,198
126,2013-10-31,game-01,191892,0,0,0,0,9,1,0,0.0,290,130,1,6,15,8,9,29,7,5,0,0,0,0,0,0.0,0.0,0.98621,0,0,0,0,0,0,0,0,0,0,0,0,0,0,0,0,13,0.6,1,1,149029,623,29,0,0,0,0.0,285
127,2013-10-31,game-01,269907,0,0,0,0,4,0,0,0.0,123,130,0,0,9,5,5,15,4,5,0,1,0,0,0,0.0,0.85714,0.92683,0,0,0,0,0,0,0,0,0,0,0,0,0,0,0,0,13,0.94615,23,23,66500,3337,15,8,0,0,0.0,60
128,2013-10-31,game-01,80035,0,0,0,0,4,0,0,0.0,58,40,33,3,13,6,6,20,3,4,0,0,0,0,0,0.0,0.9,0.86207,0,0,0,0,0,0,0,0,0,0,0,0,0,0,0,0,4,0.775,33,33,50344,4583,8,6,0,0,0.0,148
129,2013-10-31,game-01,404644,0,0,0,0,6,1,72,72.0,229,150,34,1,17,9,9,26,6,9,0,1,0,0,0,1.0,0.91667,0.94323,0,0,0,0,0,0,0,0,0,0,0,0,0,0,0,0,15,0.9,34,34,151688,592,25,7,1,1,0.95,107
130,2013-10-31,game-01,340034,0,0,0,0,6,0,52,52.0,121,40,21,4,12,5,7,22,4,5,0,1,0,0,0,1.0,0.90625,0.89256,0,0,0,0,0,0,0,0,0,0,0,0,0,0,0,0,4,0.95,21,21,93804,1906,13,3,1,0,0.0,236
131,2013-10-31,game-01,995627,0,0,0,0,6,0,61,15.25,180,130,0,0,0,3,4,17,5,6,0,0,0,0,0,0.0,0.96774,0.89444,0,0,0,0,0,0,0,0,0,0,0,0,0,0,0,0,13,0.85385,17,17,52858,4372,18,0,4,0,0.0,76
132,2013-10-31,game-01,110215,0,0,0,0,8,0,0,0.0,245,220,36,8,4,9,10,27,9,9,0,1,0,0,1,0.0,0.92453,0.93061,0,0,0,0,0,0,0,0,0,0,0,0,0,0,0,0,22,0.91364,36,36,94971,1861,26,4,0,0,0.0,255
133,2013-10-31,game-01,372771,0,0,0,0,7,1,87,12.43,204,250,16,6,0,5,6,21,6,6,0,0,0,0,1,0.0,0.90196,0.90196,0,0,0,0,0,0,0,0,0,0,0,0,0,0,0,0,25,0.912,15,16,57485,3975,21,2,7,0,0.0,54
134,2013-10-31,game-01,488697,0,0,0,0,10,0,0,0.0,212,70,34,3,22,14,14,14,5,10,0,0,0,0,0,0.0,0.95833,0.96226,0,0,0,0,0,0,0,0,0,0,0,0,0,0,0,0,7,0.91429,34,34,58282,3912,26,8,0,0,0.0,150
135,2013-10-31,game-01,624651,0,0,0,0,1,1,0,0.0,70,100,27,2,10,3,3,17,2,1,0,0,0,0,1,0.0,0.88889,0.91429,0,0,0,0,0,0,0,0,0,0,0,0,0,0,0,0,10,0.75,27,27,58081,3926,7,0,0,0,0.0,214
136,2013-10-31,game-01,88019,0,0,0,0,9,0,0,0.0,290,180,30,5,32,13,14,15,6,10,0,0,0,0,0,0.0,0.98,0.93448,0,0,0,0,0,0,0,0,0,0,0,0,0,0,0,0,18,0.84444,30,30,58453,3894,32,4,0,0,0.0,82
137,2013-10-31,game-01,669552,0,0,0,0,3,1,0,0.0,110,160,0,0,0,3,3,18,5,3,0,0,0,0,1,0.0,0.86364,0.90909,0,0,0,0,0,0,0,0,0,0,0,0,0,0,0,0,16,0.86875,13,13,50403,4576,11,0,0,0,0.0,76
138,2013-10-31,game-01,377104,0,0,0,0,8,1,0,0.0,279,180,37,7,40,13,14,30,7,7,0,0,0,0,0,0.0,0.92593,0.87814,0,0,0,0,0,0,0,0,0,0,0,0,0,0,0,0,19,0.96111,7,37,167573,441,30,6,0,0,0.0,211
139,2013-10-31,game-01,858602,0,1,0,0,2,0,0,0.0,154,110,30,7,0,7,7,16,7,7,0,1,0,0,1,0.0,0.97143,0.94156,0,0,0,0,0,0,0,0,0,0,0,0,0,0,0,0,11,0.90909,29,30,41991,5524,17,2,0,0,0.0,56
140,2013-10-31,game-01,312131,0,0,0,0,7,2,112,28.0,273,285,14,6,27,12,13,30,8,6,0,0,0,0,3,0.25,0.88889,0.88278,0,0,0,0,0,0,0,0,0,0,0,0,0,0,0,0,34,0.82105,1,14,185838,312,33,18,4,0,0.0,144
141,2013-10-31,game-01,853549,0,0,0,0,13,0,0,0.0,358,120,29,6,17,16,16,18,9,16,0,3,0,0,0,0.0,0.94872,0.93575,0,0,0,0,0,0,0,0,0,0,0,0,0,0,0,0,12,0.80833,29,29,73975,2852,40,6,0,0,0.0,181
142,2013-10-31,game-01,45539,0,0,0,0,4,0,0,0.0,108,150,14,5,2,3,3,17,5,4,0,0,0,0,0,0.0,0.82759,0.87963,0,0,0,0,0,0,0,0,0,0,0,0,0,0,0,0,15,0.90667,13,14,45306,5107,12,4,0,0,0.0,61
143,2013-10-31,game-01,711765,0,0,0,0,0,0,0,0.0,0,30,0,0,7,0,0,16,1,0,0,0,0,0,0,0.0,0.0,0.0,0,0,0,0,0,0,0,0,0,0,1100,0,0,0,0,0,3,0.7,36,36,51342,4497,0,0,0,0,0.0,104
144,2013-10-31,game-01,809735,0,0,0,0,3,0,0,0.0,80,100,26,3,51,3,3,18,5,3,0,0,0,0,0,0.0,0.86667,0.9,0,0,0,0,0,0,0,0,0,0,0,0,0,0,0,0,10,0.76,26,26,46061,5014,8,0,0,0,0.0,195
145,2013-10-31,game-01,933122,0,0,0,0,4,0,0,0.0,148,120,26,3,24,9,10,26,3,0,0,0,0,0,0,0.0,0.92593,0.93919,0,0,0,0,0,0,0,0,0,0,0,0,0,0,0,0,12,0.925,26,26,107933,1422,16,0,0,0,0.0,92
146,2013-10-31,game-01,107581,0,0,0,0,3,2,109,36.33,109,216,0,0,22,3,6,15,4,2,0,0,0,0,3,0.33333,0.94444,0.91743,0,0,0,0,0,0,0,0,0,0,0,0,0,0,0,0,27,0.81019,12,13,53089,4356,13,7,3,0,0.0,35
147,2013-10-31,game-01,742677,0,0,0,0,4,0,51,25.5,120,100,38,4,27,4,4,17,5,4,0,0,0,0,0,0.0,1.0,0.99167,0,0,0,0,0,0,0,0,0,0,0,0,0,0,0,0,10,0.87,38,38,45720,5064,12,0,2,0,0.0,244
148,2013-10-31,game-01,866758,0,0,0,0,5,1,78,6.5,230,200,28,4,10,7,8,24,6,5,0,0,0,0,0,0.0,0.92593,0.94348,0,0,0,0,0,0,0,0,0,0,0,0,0,0,0,0,20,0.84,28,28,111534,1327,23,0,12,0,0.0,91
149,2013-10-31,game-01,496794,0,0,0,0,9,0,0,0.0,239,90,0,0,4,7,8,21,6,7,0,1,0,0,0,0.0,0.89474,0.89121,0,0,0,0,0,0,0,0,0,0,0,0,0,0,0,0,9,0.73333,21,21,82663,2406,26,7,0,0,0.0,163
150,2013-10-31,game-01,286418,0,0,0,0,8,1,112,56.0,180,160,0,0,22,6,6,21,6,5,0,1,0,0,2,0.5,0.9375,0.92778,0,0,0,0,0,0,0,0,0,0,0,0,0,0,0,0,16,0.85625,36,36,73386,2882,18,0,2,0,0.0,196
151,2013-10-31,game-01,281925,0,0,0,0,5,2,52,17.33,192,210,0,0,14,6,7,15,4,5,0,0,0,0,2,0.0,1.0,0.93229,0,0,0,0,0,0,0,0,0,0,0,0,0,0,0,0,21,0.79524,14,15,53573,4310,21,6,3,1,1.0,51
152,2013-10-31,game-01,591933,0,0,0,0,1,0,0,0.0,114,72,0,0,12,2,4,17,3,3,0,0,0,0,0,0.0,1.0,0.92982,0,0,0,0,0,0,0,0,0,0,0,0,0,0,0,0,9,0.86111,24,25,61584,3663,12,2,0,0,0.0,37
153,2013-10-31,game-01,700025,0,0,0,0,1,0,27,9.0,30,49,19,1,11,0,1,18,1,0,0,0,0,0,0,0.0,0.875,0.76667,0,0,0,0,0,0,0,0,0,0,0,0,0,0,0,0,7,0.91837,19,20,41250,5612,3,0,3,0,0.0,16
154,2013-10-31,game-01,823545,0,0,0,0,7,0,0,0.0,321,200,23,7,21,13,13,31,7,7,0,0,0,0,0,0.0,0.95313,0.93146,0,0,0,0,0,0,0,0,0,0,0,0,0,0,0,0,20,0.795,22,23,159115,524,35,9,0,1,0.9,158
155,2013-10-31,game-01,662713,0,0,0,0,3,0,0,0.0,235,210,20,4,17,6,8,22,6,3,0,0,0,0,0,0.0,0.84615,0.91489,0,0,0,0,0,0,0,0,0,0,0,0,0,0,0,0,21,0.85238,20,20,87474,2183,25,5,0,0,0.0,76
156,2013-10-31,game-01,709249,0,0,0,0,5,0,57,11.4,145,120,28,3,35,9,9,16,3,5,0,0,0,0,0,0.0,0.96296,0.93793,0,0,0,0,0,0,0,0,0,0,0,0,0,0,0,0,12,0.94167,28,28,44724,5166,15,1,5,0,0.0,59
157,2013-10-31,game-01,21223,0,0,0,0,6,1,90,30.0,211,230,35,6,19,7,7,26,6,7,0,0,0,0,1,0.33333,0.82222,0.891,0,0,0,0,0,0,0,0,0,0,0,0,0,0,0,0,23,0.94348,34,35,109344,1387,25,13,3,0,0.0,150
158,2013-10-31,game-01,315944,0,0,0,0,5,0,53,26.5,212,120,27,8,2,7,7,24,8,9,0,1,0,0,0,0.5,0.92727,0.91038,0,0,0,0,0,0,0,0,0,0,0,0,0,0,0,0,12,0.84167,27,27,102271,1581,23,6,2,1,1.0,167
159,2013-10-31,game-01,4718,0,0,0,0,6,0,84,12.0,220,150,16,5,30,9,9,25,7,6,0,0,0,0,0,0.0,1.0,0.97727,0,0,0,0,0,0,0,0,0,0,0,0,0,0,0,0,15,0.97333,15,16,109012,1393,26,10,7,0,0.0,232
160,2013-10-31,game-01,50129,0,1,0,0,9,0,0,0.0,256,100,36,3,30,9,9,13,7,13,0,0,0,0,0,0.0,0.98246,0.96094,0,0,0,0,0,0,0,0,0,0,0,0,0,0,0,0,10,0.9,35,36,47164,4890,37,26,0,0,0.0,252
161,2013-10-31,game-01,758987,0,0,0,0,7,1,0,0.0,285,110,37,3,41,9,10,26,7,15,0,0,0,0,0,0.0,0.88,0.89825,0,0,0,0,0,0,0,0,0,0,0,0,0,0,0,0,11,0.80909,37,37,195289,263,39,35,0,0,0.0,248
162,2013-10-31,game-01,819151,0,0,0,0,6,0,0,0.0,197,140,38,6,44,9,10,25,6,6,0,0,0,0,0,0.0,0.91667,0.86294,0,0,0,0,0,0,0,0,0,0,0,0,0,0,0,0,14,0.76429,37,38,125644,966,23,11,0,0,0.0,235
163,2013-10-31,game-01,63947,0,0,0,0,1,1,0,0.0,48,110,0,0,5,0,2,15,2,1,0,0,0,0,1,0.0,1.0,0.89583,0,0,0,0,0,0,0,0,0,0,0,0,0,0,0,0,11,0.82727,32,32,47457,4857,6,4,0,0,0.0,111
164,2013-10-31,game-01,689622,0,0,0,0,3,0,0,0.0,30,60,24,1,1,0,1,24,1,0,0,0,0,0,0,0.0,1.0,0.93333,0,0,0,0,0,0,0,0,0,0,0,0,0,0,0,0,6,0.93333,24,25,104720,1501,3,0,0,0,0.0,276
165,2013-10-31,game-01,608630,0,0,0,0,1,1,57,19.0,171,190,0,0,0,3,5,30,4,1,0,0,0,0,1,0.0,0.97297,0.95322,0,0,0,0,0,0,0,0,0,0,0,0,0,0,0,0,19,0.81053,20,20,149322,620,18,3,3,0,0.0,63
166,2013-10-31,game-01,123387,0,0,0,0,5,0,139,6.04,157,156,7,4,7,5,5,18,6,5,0,0,0,0,0,0.0,0.91667,0.93631,0,0,0,0,0,0,0,0,0,0,0,0,0,0,0,0,26,1.0,2,7,46918,4914,16,1,23,0,0.0,11
167,2013-10-31,game-01,434101,0,0,0,0,4,0,0,0.0,155,50,0,0,12,3,3,18,3,7,0,0,0,0,0,0.0,0.91667,0.94194,0,0,0,0,0,0,0,0,0,0,0,0,0,0,0,0,5,0.98,22,22,53841,4285,17,5,0,0,0.0,85
168,2013-10-31,game-01,478722,0,0,0,0,4,0,115,57.5,267,200,23,3,17,9,10,20,6,4,0,0,0,0,0,0.5,0.91667,0.94382,0,0,0,0,0,0,0,0,0,0,0,0,0,0,0,0,20,0.94,23,23,79831,2540,27,1,2,1,0.95,87
169,2013-10-31,game-01,196570,0,0,0,0,12,0,0,0.0,338,180,29,2,80,18,19,27,9,16,0,1,0,0,1,0.0,1.0,0.98225,0,0,0,0,0,0,0,0,0,0,500,0,0,0,0,0,21,0.89444,19,29,344958,43,47,42,0,0,0.0,305
170,2013-10-31,game-01,882588,0,0,0,0,2,1,30,6.0,157,186,14,5,7,6,6,19,5,4,0,0,0,0,1,0.0,1.0,0.92357,0,0,0,0,0,0,0,0,0,0,0,0,0,0,0,0,19,0.9086,5,14,50063,4606,16,1,5,0,0.0,166
171,2013-10-31,game-01,28636,0,0,0,0,2,3,90,11.25,110,240,0,0,8,2,3,19,4,2,0,0,0,0,3,0.0,0.93333,0.92727,0,0,0,0,0,0,0,0,0,0,0,0,0,0,0,0,24,0.875,18,19,76575,2717,11,0,8,1,0.95,51
172,2013-10-31,game-01,639240,0,0,0,0,7,0,34,11.33,286,190,0,0,29,8,9,21,9,9,0,1,0,0,0,0.0,0.88333,0.86364,0,0,0,0,0,0,0,0,0,0,0,0,0,0,0,0,19,0.86316,36,36,76818,2707,32,8,3,0,0.0,251
173,2013-10-31,game-01,839555,0,0,0,0,4,0,76,25.33,130,140,0,0,6,3,4,17,4,3,0,0,0,0,0,0.33333,0.90476,0.89231,0,0,0,0,0,0,0,0,0,0,0,0,0,0,0,0,14,0.95,14,14,51458,4486,15,4,3,0,0.0,105
174,2013-10-31,game-01,393250,0,0,0,0,1,0,0,0.0,137,130,36,2,4,4,4,22,3,5,0,0,0,0,1,0.0,1.0,0.9635,0,0,0,0,0,0,0,0,0,0,0,0,0,0,0,0,13,0.88462,35,36,65607,3399,14,0,0,0,0.0,210
175,2013-10-31,game-01,923467,0,0,0,0,8,0,0,0.0,307,230,28,4,72,27,27,24,4,8,0,0,0,0,1,0.0,0.9863,0.99349,0,0,0,0,0,0,0,0,0,0,0,0,0,0,0,0,23,1.0,24,27,196229,259,33,4,0,0,0.0,90
176,2013-10-31,game-01,570270,0,0,0,0,2,0,0,0.0,151,135,0,0,19,4,7,16,5,3,0,0,0,0,1,0.0,0.9697,0.96689,0,0,0,0,0,0,0,0,0,0,0,0,0,0,0,0,14,0.75556,6,36,54512,4233,16,1,0,1,1.0,187
177,2013-10-31,game-01,11242,0,0,0,0,0,0,0,0.0,0,0,0,0,0,0,0,0,0,0,0,0,0,0,0,0.0,0.0,0.0,0,0,0,0,0,0,0,0,0,0,0,0,0,0,0,0,0,0.0,0,0,46630,4949,0,0,0,0,0.0,42
178,2013-10-31,game-01,766653,0,0,0,0,1,0,0,0.0,0,0,0,0,6,0,0,0,0,0,0,0,0,0,0,0.0,0.0,0.0,0,0,0,0,0,0,0,0,0,0,0,0,0,0,0,0,0,0.0,0,0,47157,4891,0,0,0,0,0.0,43
179,2013-10-31,game-01,912969,0,0,0,0,7,0,0,0.0,144,210,21,5,15,7,7,18,7,2,0,0,0,0,0,0.0,0.90476,0.875,0,0,0,0,0,0,0,0,0,0,0,0,0,0,0,0,21,0.84762,20,21,55532,4144,15,1,0,0,0.0,122
180,2013-10-31,game-01,23186,0,0,0,0,5,0,45,11.25,140,130,22,4,6,5,6,21,4,5,0,0,0,0,1,0.0,0.91667,0.93571,0,0,0,0,0,0,0,0,0,0,0,0,0,0,0,0,13,0.93077,22,23,77570,2672,14,0,4,0,0.0,102
181,2013-10-31,game-01,159913,0,0,0,1,7,5,75,18.75,184,260,36,3,15,8,10,22,6,6,0,1,0,0,5,0.0,0.93333,0.94022,0,0,0,0,0,0,0,0,0,0,0,0,0,0,0,0,26,0.93077,36,36,66279,3358,19,0,4,1,1.0,158
182,2013-10-31,game-01,5671,0,0,0,0,3,0,70,23.33,60,70,14,1,13,3,3,22,2,3,0,0,0,0,0,0.0,0.90909,0.93333,0,0,0,0,0,0,0,0,0,0,0,0,0,0,0,0,7,0.88571,14,14,84166,2328,6,0,3,0,0.0,71
183,2013-10-31,game-01,700158,0,0,0,0,7,0,66,13.2,179,120,27,3,24,9,11,16,5,7,0,1,0,0,0,0.0,0.93548,0.91061,0,0,0,0,0,0,0,0,0,0,0,0,0,0,0,0,12,0.84167,26,27,72133,2967,20,7,5,0,0.0,75
184,2013-10-31,game-01,430129,0,0,0,0,0,0,0,0.0,70,0,0,0,13,2,3,0,0,1,0,0,0,0,0,0.0,1.0,0.91429,0,0,0,0,0,0,0,0,0,0,0,0,0,400,0,0,0,0.0,0,0,75861,2753,7,0,0,0,0.0,151
185,2013-10-31,game-01,746797,0,0,0,0,2,0,0,0.0,44,48,0,0,3,1,2,15,1,2,0,0,0,0,0,0.0,0.91304,0.95455,0,0,0,0,0,0,0,0,0,0,0,0,0,0,0,0,8,0.89583,9,9,46571,4954,5,2,0,0,0.0,11
186,2013-10-31,game-01,573540,0,0,0,0,1,0,0,0.0,100,130,8,4,6,3,5,19,4,1,0,0,0,0,0,0.0,0.9661,0.92,0,0,0,0,0,0,0,0,0,0,0,0,0,0,0,0,13,0.80769,7,8,44086,5248,10,0,0,0,0.0,61
187,2013-10-31,game-01,703809,0,0,0,0,7,0,78,26.0,210,180,32,4,16,7,7,21,4,6,0,0,0,0,0,0.33333,0.88462,0.93333,0,0,0,0,0,0,0,0,0,0,0,0,0,0,0,0,18,0.88889,32,32,82057,2435,21,0,3,0,0.0,94
188,2013-10-31,game-01,571419,0,0,0,0,7,1,13,13.0,198,200,26,4,12,7,7,27,4,7,0,0,0,0,1,0.0,0.92453,0.92929,0,0,0,0,0,0,0,0,0,0,0,0,0,0,0,0,20,0.88,25,26,93705,1909,21,4,1,0,0.0,119
189,2013-10-31,game-01,577303,0,0,0,0,2,0,0,0.0,40,20,0,0,0,1,1,13,1,1,0,0,0,0,0,0.0,1.0,0.875,0,0,0,0,0,0,0,0,0,0,0,0,0,0,0,0,2,0.95,22,22,42423,5471,4,0,0,0,0.0,80
190,2013-10-31,game-01,989183,0,1,0,0,5,0,53,10.6,189,152,8,6,12,6,6,18,7,8,0,1,0,0,0,0.0,0.96907,0.95238,0,0,0,0,0,0,0,0,0,0,0,0,0,0,0,0,19,0.86842,8,9,60423,3750,21,7,5,2,0.80952,32
191,2013-10-31,game-01,524903,0,0,0,0,3,0,0,0.0,71,60,0,0,5,3,3,16,4,3,0,1,0,0,0,0.0,0.9375,0.92958,0,0,0,0,0,0,0,0,0,0,0,0,0,0,0,0,6,0.93333,28,28,53245,4348,8,3,0,0,0.0,112
192,2013-10-31,game-01,906535,0,0,0,0,3,0,53,26.5,104,120,19,3,0,4,4,21,4,3,0,0,0,0,0,0.0,0.85,0.81731,0,0,0,0,0,0,0,0,0,0,0,0,0,0,0,0,12,0.78333,19,19,51437,4488,11,2,2,0,0.0,134
193,2013-10-31,game-01,601566,0,0,0,0,5,1,112,56.0,172,176,27,9,0,7,8,16,9,7,0,0,0,0,1,0.5,0.96552,0.97093,0,0,0,0,0,0,0,0,0,0,0,0,0,0,0,0,18,0.78977,10,27,61419,3675,20,8,2,0,0.0,75
194,2013-10-31,game-01,732151,0,1,0,0,8,1,67,13.4,183,160,34,2,1,8,9,20,9,6,0,1,0,0,1,0.0,0.75,0.89617,0,0,0,0,0,0,0,0,0,0,0,0,0,0,0,0,16,0.9,34,34,73991,2850,21,9,5,0,0.0,200
195,2013-10-31,game-01,383272,0,0,0,0,0,0,0,0.0,0,10,0,0,0,0,0,0,0,0,0,0,0,0,0,0.0,0.0,0.0,0,0,0,0,0,0,0,0,0,0,0,0,0,0,0,0,1,1.0,35,35,45733,5059,0,0,0,0,0.0,159
196,2013-10-31,game-01,628519,0,0,0,0,0,0,0,0.0,0,0,0,0,7,0,0,0,0,0,0,0,0,0,0,0.0,0.0,0.0,0,0,0,0,0,0,0,0,0,0,0,0,0,0,0,0,0,0.0,0,0,54247,4250,0,0,0,0,0.0,155
197,2013-10-31,game-01,892109,0,0,0,0,10,0,215,43.0,312,220,41,6,57,24,27,29,6,11,0,0,0,0,1,0.6,0.95522,0.95192,0,0,0,0,0,0,0,0,0,0,0,0,0,0,0,0,22,1.0,41,41,248706,117,37,14,5,0,0.0,320
198,2013-10-31,game-01,606901,0,0,0,0,10,1,0,0.0,326,170,13,4,6,8,10,40,8,10,0,1,0,0,1,0.0,0.8642,0.8865,0,0,0,0,0,0,0,0,0,0,0,0,0,0,0,0,17,0.87059,13,13,217413,184,34,4,0,0,0.0,224
199,2013-10-31,game-01,232639,0,0,0,0,3,1,47,47.0,80,70,0,0,7,1,2,18,2,4,0,0,0,0,1,1.0,0.94737,0.9625,0,0,0,0,0,0,0,0,0,0,0,0,0,0,0,0,7,0.91429,34,34,60609,3738,8,0,1,0,0.0,188
200,2013-10-31,game-01,221157,0,0,0,0,2,0,0,0.0,35,60,0,0,5,1,1,15,1,2,0,0,0,0,0,0.0,1.0,0.88571,0,0,0,0,0,0,0,0,0,0,0,0,0,0,0,0,6,0.73333,26,27,68388,3216,5,5,0,0,0.0,94
201,2013-10-31,game-01,129597,0,0,0,0,3,1,58,9.67,193,200,29,5,25,8,8,20,5,3,0,0,0,0,1,0.0,0.89189,0.89119,0,0,0,0,0,0,0,0,0,0,0,0,0,0,0,0,20,0.805,28,29,79801,2542,21,4,6,0,0.0,85
202,2013-10-31,game-01,241936,0,0,0,0,6,0,0,0.0,148,100,19,4,24,11,13,15,4,7,0,0,0,0,0,0.0,0.73529,0.82432,0,0,0,0,0,0,0,0,0,0,0,0,0,0,0,0,10,0.93,18,19,53031,4360,18,7,0,0,0.0,118
203,2013-10-31,game-01,400147,0,0,0,0,8,1,31,15.5,220,190,20,6,5,6,7,21,6,8,0,0,0,0,1,0.0,0.97561,0.93182,0,0,0,0,0,0,0,0,0,0,0,0,0,0,0,0,19,0.83158,19,20,66478,3340,22,0,2,0,0.0,76
204,2013-10-31,game-01,468439,0,0,0,0,8,0,0,0.0,101,60,15,2,11,3,3,17,2,0,0,0,0,0,0,0.0,0.85,0.91089,0,0,0,0,0,0,0,0,0,0,0,0,0,0,0,0,6,0.91667,15,16,49974,4615,11,3,0,0,0.0,111
205,2013-10-31,game-01,484052,0,0,0,0,0,0,0,0.0,147,110,29,3,6,8,8,20,3,3,0,0,0,0,0,0.0,0.95652,0.87755,0,0,0,0,0,0,0,0,0,0,0,0,0,0,0,0,11,0.84545,28,29,65315,3422,15,1,0,1,1.0,67
206,2013-10-31,game-01,611584,0,1,0,0,8,3,101,33.67,213,238,20,3,2,8,8,21,8,8,0,1,0,0,3,0.33333,0.83333,0.9108,0,0,0,0,0,0,0,0,0,0,0,0,0,0,0,0,34,0.83613,19,20,68950,3171,24,9,3,1,1.0,21
207,2013-10-31,game-01,449288,0,0,0,1,2,0,0,0.0,60,30,34,2,1,2,2,16,2,0,0,0,0,0,0,0.0,0.92308,0.93333,0,0,0,0,0,0,0,0,0,0,0,0,0,0,0,0,3,0.93333,34,34,41480,5589,6,0,0,0,0.0,140
208,2013-10-31,game-01,936488,0,0,0,0,3,1,100,100.0,90,150,24,2,11,3,3,13,3,3,0,1,0,0,1,1.0,1.0,0.92222,0,0,0,0,0,0,0,0,0,0,0,0,0,0,0,0,15,0.78,24,24,40674,5690,9,0,1,0,0.0,103
209,2013-10-31,game-01,926293,0,0,0,0,2,0,0,0.0,10,20,0,0,4,1,1,0,0,0,0,0,0,0,0,0.0,0.0,0.9,0,0,0,0,0,0,0,0,0,0,0,0,0,0,0,0,2,1.0,28,28,53589,4308,1,0,0,0,0.0,61
210,2013-10-31,game-01,749043,0,0,0,0,6,0,0,0.0,199,170,35,6,2,7,7,25,8,7,0,1,0,0,1,0.0,0.90625,0.91457,0,0,0,0,0,0,0,0,0,0,0,0,0,0,0,0,17,0.82353,35,35,111803,1315,22,7,0,0,0.0,159
211,2013-10-31,game-01,493793,0,0,0,0,2,0,68,13.6,120,240,0,0,0,3,4,17,6,2,0,0,0,0,0,0.0,0.9,0.925,0,0,0,0,0,0,0,0,0,0,0,0,0,0,0,0,24,0.94167,25,25,64762,3472,12,0,5,0,0.0,86
212,2013-10-31,game-01,572761,0,0,0,0,5,0,0,0.0,118,90,0,0,2,2,4,15,5,4,0,0,0,0,0,0.0,0.84375,0.84746,0,0,0,0,0,0,0,0,0,0,0,0,0,0,0,0,9,0.75556,15,16,42560,5455,13,4,0,1,0.95,57
213,2013-10-31,game-01,683188,0,0,0,0,6,2,0,0.0,146,230,0,0,4,6,6,14,5,6,0,1,0,0,2,0.0,0.90323,0.86986,0,0,0,0,0,0,0,0,0,0,0,0,0,0,0,0,23,0.86957,5,5,42206,5495,20,6,0,1,0.88235,48
214,2013-10-31,game-01,152332,0,0,0,0,10,1,0,0.0,234,160,41,2,141,6,7,35,5,8,0,0,0,0,0,0.0,0.97826,0.99573,0,0,0,0,0,0,0,0,0,0,0,0,0,0,0,0,17,0.99375,30,41,192803,278,30,22,0,0,0.0,315
215,2013-10-31,game-01,606399,0,3,0,0,8,2,138,46.0,172,220,0,0,0,4,5,15,5,7,0,1,0,0,2,0.66667,0.90909,0.93605,0,0,0,0,0,0,0,0,0,0,0,0,0,0,0,0,22,0.85,22,23,46907,4917,19,6,3,0,0.0,62
216,2013-10-31,game-01,654582,0,0,0,0,4,0,0,0.0,200,150,17,4,28,7,9,22,6,4,0,1,0,0,0,0.0,0.97778,0.96,0,0,0,0,0,0,0,0,0,0,0,0,0,0,0,0,15,0.92667,16,17,105658,1475,20,0,0,0,0.0,59
217,2013-10-31,game-01,794654,0,0,0,0,8,0,0,0.0,195,40,21,2,26,12,12,18,3,7,0,0,0,0,0,0.0,0.92683,0.89231,0,0,0,0,0,0,0,0,100,0,0,0,0,0,0,0,4,0.875,21,21,102263,1582,26,19,0,0,0.0,212
218,2013-10-31,game-01,250468,0,0,0,0,5,0,46,15.33,140,50,37,4,12,4,5,29,3,5,0,0,0,0,0,0.0,0.94118,0.97143,0,0,0,0,0,0,0,0,0,0,0,0,0,0,0,0,5,0.86,37,37,112063,1305,14,0,3,0,0.0,78
219,2013-10-31,game-01,829650,0,0,0,0,12,0,72,36.0,339,210,35,2,95,9,11,30,7,14,0,0,0,0,0,0.5,0.92105,0.89381,0,0,0,0,0,0,0,0,0,0,0,0,0,0,0,0,21,0.81429,34,35,235311,144,39,17,2,0,0.0,223
220,2013-10-31,game-01,887690,0,0,0,0,0,0,0,0.0,50,56,16,1,6,1,1,22,1,2,0,0,0,0,0,0.0,1.0,0.92,0,0,0,0,0,0,0,0,0,0,0,0,0,0,0,0,8,0.78571,16,16,81533,2458,5,0,0,0,0.0,18
221,2013-10-31,game-01,698898,0,0,0,0,3,0,0,0.0,40,40,36,1,6,2,2,12,1,2,0,0,0,0,0,0.0,1.0,0.975,0,0,0,0,0,0,0,0,0,0,0,0,0,0,0,0,4,0.75,35,36,54280,4246,6,6,0,0,0.0,232
222,2013-10-31,game-01,512377,0,0,0,0,5,0,77,38.5,87,70,16,1,6,3,4,16,2,0,0,0,0,0,0,1.0,1.0,0.93103,0,0,0,0,0,0,0,0,0,0,0,0,0,0,0,0,7,0.88571,16,16,51540,4481,9,1,2,0,0.0,73
223,2013-10-31,game-01,995484,0,0,0,0,8,0,0,0.0,178,160,16,6,34,9,9,25,6,6,0,1,0,0,0,0.0,0.92105,0.91573,0,0,0,0,0,0,0,0,0,0,0,0,0,0,0,0,16,0.91875,16,16,102953,1564,21,9,0,0,0.0,86
224,2013-10-31,game-01,997543,0,0,0,0,4,1,3,1.5,133,160,0,0,2,3,4,25,3,4,0,0,0,0,0,0.0,0.85714,0.84962,0,0,0,0,0,0,0,0,0,0,0,0,0,0,0,0,16,0.825,34,34,138162,739,16,9,2,0,0.0,153
225,2013-10-31,game-01,486126,0,0,0,0,9,0,61,20.33,210,220,0,0,9,1,5,20,6,10,0,0,0,0,0,0.33333,0.78788,0.87143,0,0,0,0,0,0,0,0,0,0,0,0,0,0,0,0,22,0.89091,27,27,67744,3260,24,10,3,0,0.0,79
226,2013-10-31,game-01,337769,0,0,0,0,6,0,0,0.0,220,210,18,7,6,6,6,26,7,5,0,0,0,0,0,0.0,0.91111,0.90455,0,0,0,0,0,0,0,0,0,0,0,0,0,0,0,0,21,0.88571,18,18,108470,1409,22,0,0,0,0.0,83
227,2013-10-31,game-01,992179,0,0,0,0,9,0,94,31.33,252,160,27,6,34,17,19,22,7,7,0,0,0,0,0,0.33333,0.94231,0.94841,0,0,0,0,0,0,0,0,0,0,0,0,0,0,0,0,16,0.8875,27,27,116126,1204,29,11,3,0,0.0,220
228,2013-10-31,game-01,145073,0,0,0,0,9,1,50,16.67,207,190,0,0,0,2,5,15,5,9,0,0,0,0,0,0.0,0.92857,0.90821,0,0,0,0,0,0,0,0,0,0,0,0,0,0,0,0,19,0.82632,25,25,57003,4011,24,11,3,0,0.0,75
229,2013-10-31,game-01,368317,0,0,0,0,0,0,0,0.0,34,10,14,1,5,3,3,18,1,0,0,0,0,0,0,0.0,1.0,1.0,0,0,0,0,0,0,0,0,0,0,0,0,0,0,0,0,1,0.9,14,14,63252,3559,4,0,0,0,0.0,198
230,2013-10-31,game-01,390934,0,0,0,0,7,0,24,24.0,185,200,15,5,38,6,7,20,8,4,0,1,0,0,0,0.0,0.81818,0.72432,0,0,0,0,0,0,0,0,0,0,0,0,0,0,0,0,20,0.805,15,15,71765,2988,23,15,1,0,0.0,128
231,2013-10-31,game-01,112337,0,0,0,0,6,1,82,27.33,311,160,36,1,10,7,10,28,7,10,0,0,0,0,0,0.33333,0.94915,0.92283,0,0,0,0,0,0,0,0,0,0,0,0,0,0,0,0,16,0.84375,36,36,136805,768,32,3,3,2,0.86207,258
232,2013-10-31,game-01,814852,0,0,0,0,5,0,0,0.0,41,80,18,2,4,3,3,16,2,2,0,0,0,0,0,0.0,1.0,0.97561,0,0,0,0,0,0,0,0,0,0,0,0,0,0,0,0,8,0.9,18,18,54777,4216,5,3,0,0,0.0,61
233,2013-10-31,game-01,450605,0,1,0,0,0,0,35,35.0,73,91,4,2,3,5,5,15,4,3,0,2,0,0,0,1.0,1.0,0.9589,0,0,0,0,0,0,0,0,0,0,0,0,0,0,0,0,13,0.91209,4,4,40401,5727,9,4,1,0,0.0,14
234,2013-10-31,game-01,438343,0,0,0,0,3,0,0,0.0,285,150,15,1,9,7,7,20,5,11,0,0,0,0,0,0.0,0.95,0.88772,0,0,0,0,0,0,0,0,0,0,0,0,0,0,0,0,15,0.74,14,15,82408,2414,30,5,0,0,0.0,63
235,2013-10-31,game-01,994056,0,0,0,0,2,0,0,0.0,203,90,27,5,1,5,6,23,6,8,0,0,0,0,0,0.0,0.95556,0.93103,0,0,0,0,0,0,0,0,0,0,0,0,0,0,0,0,9,0.97778,26,27,75470,2771,23,9,0,1,0.95,147
236,2013-10-31,game-01,701782,0,1,0,0,6,4,188,20.89,305,342,16,1,16,7,9,17,8,6,0,1,0,0,4,0.11111,0.98413,0.92131,0,0,0,0,0,0,0,0,0,0,0,0,0,0,0,0,52,0.89474,16,17,51636,4475,32,5,9,2,0.94737,17
237,2013-10-31,game-01,130788,0,0,0,0,7,3,73,6.64,141,230,0,0,4,6,6,11,4,7,0,0,0,0,2,0.0,0.9375,0.92908,0,0,0,0,0,0,0,0,0,0,0,0,0,0,0,0,23,0.85217,18,19,60069,3779,19,5,11,0,0.0,54
238,2013-10-31,game-01,704224,0,0,0,0,10,1,93,18.6,320,140,33,6,30,11,12,29,8,11,0,0,0,0,0,0.2,0.98077,0.97188,0,0,0,0,0,0,0,0,0,0,0,0,0,0,0,0,14,0.9,31,33,175735,383,36,11,5,0,0.0,146
239,2013-10-31,game-01,118158,0,0,0,0,6,0,0,0.0,210,60,0,0,9,5,5,23,4,8,0,0,0,0,0,0.0,0.97368,0.97143,0,0,0,0,0,0,0,0,0,0,0,0,0,0,0,0,6,0.95,25,25,92610,1962,21,0,0,0,0.0,194
240,2013-10-31,game-01,771603,0,0,0,0,2,2,29,14.5,117,170,19,4,42,4,5,17,4,2,0,0,0,0,2,0.0,0.93548,0.95726,0,0,0,0,0,0,0,0,0,0,0,0,0,0,0,0,17,0.91765,18,19,43391,5343,12,1,2,0,0.0,64
241,2013-10-31,game-01,544608,0,0,0,0,2,0,0,0.0,70,80,34,1,0,2,2,22,2,1,0,0,0,0,0,0.0,0.92308,0.94286,0,0,0,0,0,0,0,0,0,0,0,0,0,0,0,0,8,0.9125,34,34,70697,3047,7,0,0,0,0.0,140
242,2013-10-31,game-01,549927,0,0,0,0,4,0,0,0.0,30,60,35,1,7,1,1,18,1,0,0,0,0,0,0,0.0,1.0,0.9,0,0,0,0,0,0,0,0,0,0,0,0,0,0,0,0,6,0.8,35,36,83261,2373,3,0,0,0,0.0,213
243,2013-10-31,game-01,35142,0,0,0,0,6,0,10,5.0,219,110,28,1,53,13,14,13,2,6,0,0,0,0,0,0.0,0.89362,0.90868,0,0,0,0,0,0,0,0,0,0,0,0,0,0,0,0,11,0.93636,28,28,97315,1779,26,10,2,0,0.0,49
244,2013-10-31,game-01,602147,0,0,0,0,4,0,0,0.0,136,80,15,4,15,6,6,17,4,3,0,0,0,0,0,0.0,0.84211,0.88971,0,0,0,0,0,0,0,0,0,0,0,0,0,0,0,0,8,0.825,15,15,49285,4674,16,6,0,1,0.95,137
245,2013-10-31,game-01,191331,0,0,0,0,1,1,0,0.0,67,160,0,0,3,1,3,14,2,1,0,0,0,0,2,0.0,0.9,0.91045,0,0,0,0,0,0,0,0,0,0,0,0,0,0,0,0,16,0.875,19,20,40493,5716,7,1,0,0,0.0,59
246,2013-10-31,game-01,153743,0,0,0,0,7,0,0,0.0,170,150,17,5,14,5,6,28,5,7,0,0,0,0,0,0.0,0.79167,0.90588,0,0,0,0,0,0,0,0,0,0,0,0,0,0,0,0,15,0.76667,17,17,117244,1159,18,2,0,0,0.0,230
247,2013-10-31,game-01,157262,0,2,0,0,10,0,0,0.0,250,180,22,1,5,12,13,15,12,10,0,2,0,0,0,0.0,0.88679,0.908,0,0,0,0,0,0,0,0,0,0,0,0,0,0,0,0,18,0.87778,21,22,46443,4970,32,5,0,0,0.0,54
248,2013-10-31,game-01,424370,0,0,0,0,8,0,39,19.5,175,100,0,0,14,8,9,17,4,8,0,1,0,0,0,0.0,0.97059,0.95429,0,0,0,0,0,0,0,0,0,0,0,0,0,0,0,0,10,0.91,21,21,111738,1320,19,3,2,0,0.0,150
249,2013-10-31,game-01,127495,0,0,0,0,4,0,0,0.0,190,140,25,1,5,5,5,29,4,7,0,0,0,0,1,0.0,0.92308,0.9,0,0,0,0,0,0,0,0,0,0,0,0,0,0,0,0,14,0.89286,25,26,156240,546,19,0,0,0,0.0,219
250,2013-10-31,game-01,119129,0,0,0,0,7,0,0,0.0,337,170,17,8,18,12,14,24,8,8,0,0,0,0,0,0.0,0.89394,0.93175,0,0,0,0,0,0,0,0,0,0,0,0,0,0,0,0,17,0.77059,17,17,113032,1284,34,1,0,0,0.0,49
251,2013-10-31,game-01,579486,0,0,0,0,2,0,0,0.0,160,80,33,7,32,7,7,17,7,4,0,1,0,0,0,0.0,0.88889,0.9375,0,0,0,0,0,0,0,0,0,0,0,0,0,0,0,0,8,0.9375,33,33,43364,5349,16,0,0,0,0.0,162
252,2013-10-31,game-01,740443,0,0,0,0,3,2,63,21.0,69,144,9,1,5,3,3,12,3,3,0,0,0,0,2,0.0,0.94118,0.94203,0,0,0,0,0,0,0,0,0,100,0,0,0,0,0,0,18,0.89583,9,10,40140,5764,9,0,3,0,0.0,34
253,2013-10-31,game-01,643110,0,0,0,0,5,3,26,13.0,250,250,28,4,12,3,5,31,5,5,0,0,0,0,3,0.0,0.94545,0.932,0,0,0,0,0,0,0,0,0,0,0,0,0,0,0,0,25,0.844,27,28,144391,661,25,0,2,1,1.0,59
254,2013-10-31,game-01,255592,0,0,0,0,3,0,0,0.0,160,160,16,4,0,5,5,18,5,5,0,0,0,0,0,0.0,0.90244,0.9125,0,0,0,0,0,0,0,0,0,0,0,0,0,0,0,0,16,0.85625,15,16,47146,4892,16,0,0,0,0.0,59
255,2013-10-31,game-01,445597,0,0,0,0,8,1,0,0.0,132,40,37,2,47,9,9,21,2,5,0,0,0,0,0,0.0,0.96774,0.97727,0,0,0,0,0,0,0,0,0,0,0,0,0,0,0,0,4,0.875,37,37,125725,964,15,6,0,0,0.0,116
256,2013-10-31,game-01,307127,0,1,0,0,4,0,0,0.0,73,64,11,1,20,5,5,12,4,4,0,1,0,0,0,0.0,0.88462,0.93151,0,0,0,0,0,0,0,0,0,0,0,0,0,0,0,0,8,0.82813,11,11,40511,5713,10,6,0,0,0.0,34
257,2013-10-31,game-01,367774,0,0,0,0,8,1,0,0.0,256,210,37,5,16,13,13,27,7,9,0,1,0,0,0,0.0,0.94828,0.94141,0,0,0,0,0,0,0,0,0,0,0,0,0,0,0,0,21,0.74286,37,37,158293,530,30,14,0,0,0.0,176
258,2013-10-31,game-01,866848,0,0,0,0,7,1,90,45.0,230,250,17,7,4,5,8,27,7,6,0,0,0,0,2,1.0,0.9,0.92609,0,0,0,0,0,0,0,0,0,0,0,0,0,0,0,0,25,0.94,17,17,104427,1514,23,0,2,0,0.0,86
259,2013-10-31,game-01,58221,0,0,0,0,5,1,0,0.0,90,88,19,3,0,4,4,13,4,5,0,1,0,0,1,0.0,0.875,0.92222,0,0,0,0,0,0,0,0,0,0,0,0,0,0,0,0,11,0.85227,18,19,52342,4417,10,2,0,0,0.0,41
260,2013-10-31,game-01,189927,0,0,0,0,7,0,0,0.0,91,20,37,1,24,5,5,14,1,2,0,0,0,0,0,0.0,0.95455,0.96703,0,0,0,0,0,0,0,0,0,0,0,0,0,0,0,0,2,0.95,37,37,60053,3781,10,3,0,0,0.0,178
261,2013-10-31,game-01,665806,0,0,0,0,7,1,65,5.91,269,170,0,0,9,10,10,20,5,10,0,0,0,0,0,0.0,0.97143,0.94424,0,0,0,0,0,0,0,0,0,0,0,0,0,0,0,0,17,0.83529,21,21,110396,1361,32,15,11,0,0.0,84
262,2013-10-31,game-01,521701,0,0,0,0,5,0,0,0.0,98,90,37,4,15,4,6,18,4,4,0,0,0,0,0,0.0,1.0,0.95918,0,0,0,0,0,0,0,0,0,0,0,0,0,0,0,0,9,0.73333,37,37,61960,3635,11,4,0,0,0.0,232
263,2013-10-31,game-01,45886,0,0,0,0,8,1,0,0.0,270,150,39,8,40,12,14,32,8,8,0,0,0,0,0,0.0,0.98113,0.94074,0,0,0,0,0,0,0,0,0,0,0,0,0,0,0,0,15,0.84,39,39,144527,659,30,8,0,0,0.0,271
264,2013-10-31,game-01,903237,0,0,0,0,7,0,0,0.0,121,80,31,1,22,8,10,13,4,2,0,0,0,0,0,0.0,0.92593,0.87603,0,0,0,0,0,0,0,0,0,0,0,0,0,0,0,0,8,0.95,31,31,58295,3910,16,6,0,0,0.0,191
265,2013-10-31,game-01,831759,0,0,0,0,5,0,0,0.0,141,120,26,3,15,5,5,19,5,5,0,1,0,0,0,0.0,0.82759,0.86525,0,0,0,0,0,0,0,0,0,0,0,0,0,0,0,0,12,0.73333,26,26,62049,3627,15,3,0,0,0.0,213
266,2013-10-31,game-01,529714,0,0,0,0,6,1,0,0.0,293,165,25,6,0,7,8,27,8,8,0,1,0,0,0,0.0,0.83673,0.89761,0,0,0,0,0,0,0,0,0,0,0,0,0,400,0,0,17,0.93333,7,25,130781,866,32,9,0,0,0.0,213
267,2013-10-31,game-01,270925,0,0,0,0,3,0,0,0.0,184,100,18,4,22,4,5,30,5,3,0,0,0,0,0,0.0,1.0,0.94022,0,0,0,0,0,0,0,0,0,0,100,0,0,0,0,0,10,0.87,17,18,167195,446,19,2,0,0,0.0,174
268,2013-10-31,game-01,500915,0,0,0,0,5,0,0,0.0,135,140,18,3,9,7,9,17,3,4,0,0,0,0,0,0.0,0.9375,0.92593,0,0,0,0,0,0,0,0,0,0,0,0,0,0,0,0,14,0.84286,18,18,60786,3722,16,6,0,0,0.0,73
269,2013-10-31,game-01,407331,0,1,0,0,6,0,0,0.0,144,70,0,0,0,5,5,14,5,7,0,0,0,0,0,0.0,1.0,0.9375,0,0,0,0,0,0,0,0,0,0,0,0,0,0,0,0,7,0.97143,19,19,47811,4813,21,9,0,0,0.0,72
270,2013-10-31,game-01,626081,0,0,0,0,7,1,50,8.33,151,216,6,1,5,5,7,16,6,0,0,0,0,0,0,0.0,0.93548,0.94702,0,0,0,0,0,0,0,0,0,0,0,0,0,0,0,0,27,0.86574,6,7,59397,3821,18,3,6,0,0.0,26
271,2013-10-31,game-01,922704,0,0,0,0,7,0,0,0.0,170,80,0,0,1,4,5,17,5,7,0,0,0,0,0,0.0,0.88235,0.9,0,0,0,0,0,0,0,0,0,0,0,0,0,0,0,0,8,0.9375,27,27,64027,3516,17,0,0,0,0.0,78
272,2013-10-31,game-01,236290,0,0,0,0,7,0,0,0.0,145,80,0,0,2,3,3,21,3,6,0,0,0,0,0,0.0,0.93939,0.95172,0,0,0,0,0,0,0,0,0,0,0,0,0,0,0,0,8,0.8125,38,38,95715,1834,16,5,0,0,0.0,281
273,2013-10-31,game-01,715583,0,0,0,0,5,0,0,0.0,155,100,17,3,18,5,6,16,3,5,0,0,0,0,0,0.0,0.94595,0.94194,0,0,0,0,0,0,0,0,0,0,0,0,0,0,0,0,10,0.92,17,17,72489,2942,17,5,0,0,0.0,126
274,2013-10-31,game-01,2128,0,0,0,0,8,0,0,0.0,290,180,22,6,42,8,10,29,6,8,0,0,0,0,0,0.0,0.90323,0.91724,0,0,0,0,0,0,0,0,0,0,0,0,0,0,0,0,18,0.91111,22,22,115911,1207,29,0,0,0,0.0,263
275,2013-10-31,game-01,873326,0,0,0,0,2,1,32,10.67,120,184,14,5,7,3,5,19,6,2,0,1,0,0,1,0.0,1.0,0.95,0,0,0,0,0,0,0,0,0,0,0,0,0,0,0,0,23,0.84239,13,14,50629,4559,12,0,3,0,0.0,35
276,2013-10-31,game-01,283664,0,0,0,0,5,0,50,16.67,237,130,15,5,5,5,8,29,8,5,0,0,0,0,0,0.0,0.87805,0.83122,0,0,0,0,0,0,0,0,0,0,0,0,0,0,0,0,13,0.84615,15,15,92024,1994,27,11,3,0,0.0,214
277,2013-10-31,game-01,360465,0,0,0,0,0,0,0,0.0,30,10,0,0,5,0,1,14,1,0,0,0,0,0,0,0.0,0.75,0.73333,0,0,0,0,0,0,0,0,0,0,0,0,0,0,0,0,1,1.0,24,24,41511,5583,3,0,0,0,0.0,111
278,2013-10-31,game-01,348479,0,0,0,0,4,0,143,47.67,121,150,40,3,10,6,8,23,5,4,0,1,0,0,0,0.33333,0.94286,0.93388,0,0,0,0,0,0,0,0,0,0,0,0,0,0,0,0,15,0.81333,39,40,100726,1641,13,3,3,1,0.95,98
279,2013-10-31,game-01,61963,0,0,0,0,3,3,85,6.07,92,152,0,0,11,2,2,16,2,3,0,0,0,0,3,0.0,0.92308,0.91304,0,0,0,0,0,0,0,0,0,0,0,0,0,0,0,0,19,0.86842,18,18,56374,4063,11,6,14,2,0.84615,37
280,2013-10-31,game-01,830485,0,0,0,0,3,0,0,0.0,53,50,0,0,4,2,2,10,1,5,0,0,0,0,0,0.0,0.9,0.88679,0,0,0,0,0,0,0,0,0,100,0,0,0,0,0,0,5,0.96,21,21,48010,4793,9,5,0,0,0.0,52
281,2013-10-31,game-01,867371,0,0,0,0,7,0,0,0.0,74,40,22,1,39,2,4,14,2,1,0,0,0,0,0,0.0,0.88235,0.94595,0,0,0,0,0,0,0,0,0,0,0,0,0,0,0,0,4,0.825,22,22,63090,3570,8,1,0,0,0.0,110
282,2013-10-31,game-01,234564,0,0,0,0,11,0,0,0.0,242,80,19,1,25,7,8,26,4,8,0,0,0,0,0,0.0,0.87234,0.88843,0,0,0,0,0,0,0,0,0,0,0,0,0,0,0,0,9,0.7375,3,19,112171,1301,26,4,0,0,0.0,158
283,2013-10-31,game-01,836566,0,0,0,0,0,0,0,0.0,21,56,0,0,0,0,1,15,2,0,0,0,0,0,0,0.0,1.0,0.95238,0,0,0,0,0,0,0,0,0,0,0,0,0,0,0,0,7,0.875,19,19,41440,5595,3,3,0,0,0.0,32
284,2013-10-31,game-01,841434,0,0,0,0,8,1,44,22.0,288,200,0,0,2,7,9,29,9,9,0,1,0,0,0,0.5,0.96923,0.91667,0,0,0,0,0,0,0,0,0,0,0,0,0,0,0,0,20,0.875,35,35,166473,453,33,14,2,0,0.0,216
285,2013-10-31,game-01,745866,0,0,0,0,3,2,141,3.62,138,270,0,0,0,1,4,16,5,3,0,0,0,0,2,0.0,0.82927,0.81884,0,0,0,0,0,0,0,0,0,0,0,0,0,0,0,0,27,0.90741,17,18,64891,3463,15,4,39,0,0.0,63
286,2013-10-31,game-01,109130,0,0,0,0,7,0,0,0.0,230,120,0,0,8,4,4,21,4,6,0,0,0,0,0,0.0,0.85417,0.88696,0,0,0,0,0,0,0,0,0,0,0,0,0,0,0,0,12,0.775,21,22,79058,2583,23,0,0,3,0.87719,297
287,2013-10-31,game-01,64935,0,0,0,0,4,0,0,0.0,70,50,22,2,10,3,3,15,3,4,0,0,0,0,0,0.0,0.8125,0.82857,0,0,0,0,0,0,0,0,0,0,0,0,0,0,0,0,5,0.76,22,22,63597,3543,9,5,0,0,0.0,72
288,2013-10-31,game-01,259231,0,0,0,0,8,0,9,9.0,277,120,18,1,9,8,9,23,4,8,0,1,0,0,0,0.0,0.9,0.89892,0,0,0,0,0,0,0,0,0,0,0,0,0,0,0,0,12,0.90833,18,18,130764,867,28,1,1,1,0.95,127
289,2013-10-31,game-01,574199,0,1,0,0,4,1,111,27.75,181,140,0,0,0,3,6,24,6,4,0,1,0,0,1,0.25,1.0,0.92265,100,0,0,0,0,0,0,0,100,0,0,0,0,0,0,0,14,0.84286,25,25,95217,1854,19,3,4,0,0.0,146
290,2013-10-31,game-01,66488,0,1,0,0,2,1,115,28.75,107,170,0,0,3,2,3,17,4,2,0,0,0,0,1,0.25,0.88889,0.92523,0,0,0,0,0,0,0,0,100,200,500,100,0,0,0,0,17,0.81176,25,25,51660,4471,11,1,4,0,0.0,69
291,2013-10-31,game-01,300594,0,0,0,0,8,0,0,0.0,118,120,0,0,5,5,5,16,4,8,0,2,0,0,0,0.0,0.88,0.92373,0,0,0,0,0,0,0,0,0,0,0,0,0,0,0,0,12,0.925,14,14,57719,3955,14,5,0,0,0.0,66
292,2013-10-31,game-01,354742,0,0,0,0,1,0,0,0.0,75,56,0,0,5,2,3,15,2,1,0,0,0,0,0,0.0,0.85714,0.89333,0,0,0,0,0,0,0,0,0,0,0,0,0,0,0,0,7,0.82143,15,15,48371,4762,9,5,0,0,0.0,28
293,2013-10-31,game-01,579731,0,0,0,0,8,2,62,12.4,229,240,26,1,8,8,10,25,4,8,0,0,0,0,2,0.0,0.91837,0.93886,0,0,0,0,0,0,0,0,0,0,0,0,0,0,0,0,24,0.87083,26,26,138815,727,25,7,5,0,0.0,76
294,2013-10-31,game-01,824749,0,0,0,0,0,0,0,0.0,10,10,15,1,36,1,1,18,1,0,0,0,0,0,0,0.0,1.0,1.0,0,0,0,0,0,0,0,0,0,0,0,0,0,0,0,0,1,1.0,15,15,47298,4875,1,0,0,0,0.0,223
295,2013-10-31,game-01,133420,0,0,0,0,4,0,0,0.0,206,140,33,4,33,7,7,31,4,9,0,0,0,0,0,0.0,0.91304,0.94175,0,0,0,0,0,0,0,0,0,0,0,0,0,0,0,0,14,0.87143,33,33,123209,1025,22,4,0,0,0.0,210
296,2013-10-31,game-01,630305,0,0,0,0,7,1,21,21.0,268,188,8,5,35,9,12,34,6,7,0,0,0,0,1,0.0,0.95,0.92164,0,0,0,0,0,0,0,0,0,100,100,0,0,0,0,0,22,0.84574,7,8,161560,496,28,4,1,1,0.88235,44
297,2013-10-31,game-01,861008,0,0,0,0,4,0,136,34.0,171,182,0,0,20,6,8,16,4,4,0,0,0,0,0,0.5,0.92537,0.93567,0,0,0,0,0,0,0,0,0,0,0,0,0,0,0,0,26,0.89011,11,11,50716,4546,18,3,4,1,1.0,20
298,2013-10-31,game-01,588369,0,0,0,0,5,0,0,0.0,201,136,16,6,7,9,9,24,6,1,0,0,0,0,0,0.0,0.97436,0.94527,0,0,0,0,0,0,0,0,0,0,0,0,0,0,0,0,17,0.88235,15,16,94250,1891,21,3,0,0,0.0,26
299,2013-10-31,game-01,936692,0,0,0,0,5,0,71,23.67,147,42,7,1,57,6,6,12,1,5,0,0,0,0,0,0.33333,1.0,0.9932,0,0,0,0,0,0,0,0,0,0,0,0,0,0,0,0,6,0.83333,7,7,49754,4630,15,0,3,0,0.0,14
300,2013-10-31,game-01,983944,0,0,0,0,1,0,17,17.0,162,96,21,6,0,6,7,22,6,1,0,0,0,0,0,0.0,0.92308,0.91358,0,0,0,0,0,0,0,0,0,0,0,0,0,0,0,0,12,0.88542,20,21,45711,5065,18,6,1,0,0.0,25
301,2013-10-31,game-01,579522,0,0,0,0,7,0,217,54.25,219,200,17,5,26,15,17,25,6,7,0,0,0,0,0,0.5,0.97917,0.92694,0,0,0,0,0,0,0,0,0,0,0,0,0,0,0,0,20,0.88,16,17,97754,1756,24,6,4,0,0.0,76
302,2013-10-31,game-01,280980,0,0,0,0,9,0,0,0.0,146,120,36,5,87,10,10,17,5,6,0,1,0,0,0,0.0,0.96774,0.93836,0,0,0,0,0,0,0,0,0,0,0,0,0,0,0,0,12,0.925,36,36,75875,2752,16,3,0,0,0.0,196
303,2013-10-31,game-01,861656,0,0,0,0,9,1,66,22.0,300,260,31,4,21,8,11,20,8,16,0,2,0,0,1,0.0,0.92857,0.92333,0,0,0,0,0,0,0,0,0,0,0,0,0,0,0,0,26,0.95,30,31,77772,2651,33,8,3,0,0.0,80
304,2013-10-31,game-01,508108,0,0,0,0,4,1,139,46.33,125,140,18,1,3,6,6,17,5,3,0,1,0,0,1,0.66667,0.96552,0.96,0,0,0,0,0,0,0,0,0,0,0,0,0,0,0,0,20,0.92143,18,19,55370,4166,14,3,3,1,1.0,19
305,2013-10-31,game-01,56586,0,0,0,0,3,0,0,0.0,130,80,30,2,0,3,4,18,4,3,0,0,0,0,0,0.0,0.96,0.91538,0,0,0,0,0,0,0,0,0,0,0,0,0,0,0,0,8,0.875,30,30,44475,5203,13,0,0,0,0.0,112
306,2013-10-31,game-01,166895,0,0,0,0,3,2,41,20.5,76,140,0,0,2,2,3,12,3,3,0,0,0,0,2,0.0,0.9375,0.96053,0,0,0,0,0,0,0,0,0,0,0,0,0,0,0,0,14,0.8,21,21,41905,5536,10,3,2,0,0.0,66
307,2013-10-31,game-01,250714,0,0,0,0,2,0,0,0.0,61,60,24,2,9,2,2,15,2,2,0,0,0,0,0,0.0,0.8,0.88525,0,0,0,0,0,0,0,0,0,0,0,0,0,0,0,0,6,0.96667,24,24,51608,4476,7,3,0,0,0.0,169
308,2013-10-31,game-01,160543,0,1,0,0,7,1,0,0.0,129,120,34,7,11,9,9,13,9,7,0,1,0,0,1,0.0,1.0,0.96124,0,0,0,0,0,0,0,0,0,0,0,0,0,0,0,0,12,0.93333,33,34,66289,3357,17,4,0,0,0.0,196
309,2013-10-31,game-01,588886,0,0,0,0,8,1,144,48.0,134,80,27,1,27,4,4,20,3,8,0,0,0,0,0,0.33333,0.65517,0.84328,0,0,0,0,0,0,0,0,0,0,0,0,0,0,0,0,8,0.9125,27,27,136120,784,17,12,3,0,0.0,123
310,2013-10-31,game-01,412940,0,0,0,0,13,1,0,0.0,456,240,19,9,25,15,19,30,13,18,0,1,0,0,1,0.0,0.81188,0.89912,0,0,0,0,0,0,0,0,0,0,0,0,0,0,0,0,24,0.87917,18,19,155470,556,53,23,0,0,0.0,149
311,2013-10-31,game-01,912996,0,0,0,0,7,1,91,30.33,221,250,29,5,2,8,8,23,8,9,0,1,0,0,1,0.33333,0.9,0.90045,0,0,0,0,0,0,0,0,0,0,0,0,0,0,0,0,25,0.848,28,29,75960,2748,23,3,3,0,0.0,92
312,2013-10-31,game-01,257225,0,0,0,0,4,0,146,48.67,289,170,6,8,10,13,14,39,11,10,0,1,0,0,1,0.66667,0.93277,0.9481,0,0,0,0,0,0,0,0,0,0,100,300,0,0,0,0,17,0.81765,6,6,270797,85,31,6,3,1,1.0,78
313,2013-10-31,game-01,935283,0,0,0,0,7,0,60,12.0,183,130,34,5,3,6,7,28,6,5,0,0,0,0,0,0.0,0.89744,0.93989,0,0,0,0,0,0,0,0,0,0,0,0,0,0,0,0,13,0.85385,33,34,117467,1154,20,5,5,1,0.95,267
314,2013-10-31,game-01,267358,0,0,0,0,6,0,0,0.0,238,182,17,6,16,8,8,24,6,8,0,0,0,0,0,0.0,0.91304,0.92857,0,0,0,0,0,0,0,0,0,0,0,0,0,0,0,0,19,0.81868,6,17,89433,2098,25,4,0,0,0.0,93
315,2013-10-31,game-01,846836,0,0,0,0,7,0,0,0.0,160,100,14,3,9,3,5,19,4,6,0,0,0,0,0,0.0,0.85714,0.875,0,0,0,0,0,0,0,0,0,0,0,0,0,0,0,0,10,0.94,14,14,56930,4017,16,0,0,1,0.95,87
316,2013-10-31,game-01,57789,0,0,0,0,3,0,31,7.75,60,16,0,0,4,1,2,14,1,3,0,0,0,0,0,0.0,1.0,0.95,0,0,0,0,0,0,0,0,0,0,0,0,0,0,0,0,2,0.8125,26,26,43395,5342,6,0,4,0,0.0,40
317,2013-10-31,game-01,769801,0,0,0,0,5,1,112,37.33,234,180,39,4,18,12,12,23,4,6,0,0,0,0,0,0.33333,0.98,0.97863,0,0,0,0,0,0,0,0,0,0,0,0,0,0,0,0,18,0.83889,39,39,116758,1176,24,1,3,0,0.0,158
318,2013-10-31,game-01,942127,0,0,0,0,8,0,0,0.0,249,190,16,3,30,16,17,25,4,8,0,0,0,0,0,0.0,0.92308,0.93976,0,0,0,0,0,0,0,0,0,0,0,0,0,0,0,0,19,0.92105,16,17,106785,1450,27,6,0,0,0.0,113
319,2013-10-31,game-01,490752,0,0,0,0,4,1,0,0.0,195,150,38,4,25,10,11,31,7,7,0,1,0,0,1,0.0,1.0,0.97949,0,0,0,0,0,0,0,0,0,0,0,0,0,0,0,0,15,0.78,37,38,161762,495,22,7,0,0,0.0,212
320,2013-10-31,game-01,612460,0,0,0,0,6,0,0,0.0,170,160,17,1,0,4,6,19,7,4,0,1,0,0,0,0.0,0.91667,0.9,0,0,0,0,0,0,0,0,0,0,0,0,0,0,0,0,16,0.93125,17,17,58804,3868,17,0,0,0,0.0,64
321,2013-10-31,game-01,583697,0,0,0,0,1,1,58,11.6,71,80,17,2,3,3,3,17,2,3,0,0,0,0,1,0.0,0.94118,0.85915,0,0,0,0,0,0,0,0,0,0,0,0,0,0,0,0,8,0.8125,17,17,41321,5605,8,1,5,0,0.0,46
322,2013-10-31,game-01,15547,0,0,0,0,9,0,0,0.0,219,90,11,5,8,7,9,23,4,10,0,0,0,0,0,0.0,0.72603,0.76256,0,0,0,0,0,0,0,0,0,0,0,0,0,0,0,0,9,0.91111,11,11,94893,1863,26,13,0,1,1.0,97
323,2013-10-31,game-01,298539,0,0,0,0,3,0,18,18.0,40,0,0,0,6,4,4,0,0,3,0,0,0,0,0,0.0,0.875,0.85,0,0,0,0,0,0,0,0,0,0,0,0,0,0,0,0,0,0.0,0,0,107797,1430,5,2,1,0,0.0,74
324,2013-10-31,game-01,619909,0,0,0,0,5,1,40,20.0,130,100,34,2,14,6,6,18,2,3,0,0,0,0,0,0.0,0.96296,0.92308,0,0,0,0,0,0,0,0,0,0,0,0,0,0,0,0,10,0.87,34,34,68627,3198,15,6,2,0,0.0,281
325,2013-10-31,game-01,231705,0,0,0,0,8,1,57,14.25,240,209,8,1,4,6,7,17,7,8,0,0,0,0,1,0.0,0.92029,0.925,0,0,0,0,0,0,0,0,0,0,0,0,0,0,0,0,27,0.87081,8,8,64625,3481,27,6,4,1,1.0,25
326,2013-10-31,game-01,796708,0,1,0,0,10,0,54,13.5,180,70,23,5,11,8,8,19,5,9,0,1,0,0,0,0.0,0.88571,0.82778,0,0,0,0,0,0,0,0,0,0,0,0,0,0,0,0,7,0.97143,23,23,53230,4350,18,0,4,0,0.0,160
327,2013-10-31,game-01,54933,0,0,0,0,7,0,78,78.0,168,140,0,0,4,3,5,16,5,6,0,0,0,0,0,1.0,0.85714,0.93452,0,0,0,0,0,0,0,0,0,0,0,0,0,0,0,0,14,0.90714,15,16,45177,5119,18,1,1,0,0.0,47
328,2013-10-31,game-01,546055,0,0,0,0,8,1,0,0.0,290,200,19,1,4,6,9,24,10,13,0,0,0,0,0,0.0,0.90164,0.87241,0,0,0,0,0,0,0,0,0,0,0,0,0,0,0,0,20,0.79,19,19,132658,832,35,19,0,0,0.0,81
329,2013-10-31,game-01,30032,0,0,0,0,4,0,149,74.5,180,144,21,6,11,5,7,23,6,4,0,0,0,0,0,1.0,0.975,0.96111,0,0,0,0,0,0,0,0,0,0,0,0,0,0,0,0,18,0.90972,20,21,97690,1759,18,0,2,0,0.0,25
330,2013-10-31,game-01,804897,0,0,0,0,3,0,0,0.0,207,110,35,6,4,5,7,27,6,9,0,0,0,0,0,0.0,1.0,0.94686,0,0,0,0,0,0,0,0,0,0,0,0,0,0,0,0,12,0.80909,18,35,72656,2934,21,0,0,0,0.0,210
331,2013-10-31,game-01,373852,0,0,0,0,7,0,60,30.0,195,180,0,0,5,4,6,20,4,7,0,0,0,0,0,0.5,0.88571,0.88718,0,0,0,0,0,0,0,0,0,0,0,0,0,0,0,0,18,0.75556,28,28,83277,2372,21,5,2,1,0.95,77
332,2013-10-31,game-01,348831,0,0,0,0,6,0,0,0.0,92,100,21,3,6,3,3,20,4,6,0,0,0,0,0,0.0,0.92857,0.92391,0,0,0,0,0,0,0,0,0,0,0,0,0,0,0,0,10,0.94,21,21,78612,2601,11,6,0,0,0.0,83
333,2013-10-31,game-01,546913,0,0,0,0,1,0,0,0.0,104,32,15,1,9,3,4,19,2,0,0,0,0,0,0,0.0,0.95833,0.98077,0,0,0,0,0,0,0,0,0,0,0,0,0,0,0,0,4,0.90625,15,16,72573,2937,11,0,0,0,0.0,24
334,2013-10-31,game-01,643546,0,0,0,0,1,0,0,0.0,60,48,9,2,2,3,3,16,2,3,0,0,0,0,0,0.0,0.90323,0.91667,0,0,0,0,0,0,0,0,0,0,0,0,0,0,0,0,6,0.875,9,9,41590,5575,6,0,0,1,1.0,23
335,2013-10-31,game-01,176277,0,0,0,0,2,4,32,16.0,41,140,0,0,20,3,3,9,1,2,0,0,0,0,4,0.0,1.0,0.97561,0,0,0,0,0,0,0,0,0,0,0,0,0,0,0,0,14,0.92143,33,34,57998,3933,5,0,2,0,0.0,63
336,2013-10-31,game-01,972820,0,0,0,0,5,1,58,29.0,211,240,24,6,4,6,6,31,7,5,0,0,0,0,1,0.5,0.86842,0.87678,0,0,0,0,0,0,0,0,0,0,0,0,0,0,0,0,24,0.90833,24,24,100936,1632,22,3,2,0,0.0,124
337,2013-10-31,game-01,367093,0,0,0,0,3,3,0,0.0,130,190,0,0,22,3,4,19,4,4,0,1,0,0,1,0.0,0.78947,0.85385,0,0,0,0,0,0,0,0,0,0,0,0,0,0,0,0,19,0.98947,24,24,51638,4474,13,0,0,0,0.0,178
338,2013-10-31,game-01,185720,0,0,0,0,4,0,0,0.0,148,160,32,4,2,7,7,26,5,4,0,0,0,0,0,0.0,0.925,0.91216,0,0,0,0,0,0,0,0,0,0,0,0,0,0,0,0,16,0.925,31,32,91941,1997,16,4,0,0,0.0,83
339,2013-10-31,game-01,889077,0,0,0,0,7,0,185,61.67,151,90,0,0,9,5,5,18,2,7,0,1,0,0,0,1.0,0.88372,0.88742,0,0,0,0,0,0,0,0,0,0,0,0,0,0,0,0,9,0.94444,32,33,61596,3661,16,3,3,0,0.0,309
340,2013-10-31,game-01,120216,0,0,0,0,3,0,0,0.0,60,60,0,0,4,1,1,19,1,1,0,0,0,0,0,0.0,0.5,0.9,0,0,0,0,0,0,0,0,0,0,0,0,0,0,0,0,6,0.95,31,31,55716,4127,6,0,0,1,0.95,177
341,2013-10-31,game-01,860407,0,0,0,0,6,1,103,17.17,211,230,27,7,43,10,12,29,7,6,0,0,0,0,1,0.16667,0.91489,0.92417,0,0,0,0,0,0,0,0,0,0,0,0,0,0,0,0,23,0.91739,27,27,156570,544,24,8,6,0,0.0,101
342,2013-10-31,game-01,534618,0,0,0,0,9,1,100,100.0,280,235,41,7,46,21,21,32,7,9,0,0,0,0,2,1.0,0.96364,0.95714,0,0,0,0,0,0,0,0,0,0,0,0,0,0,0,0,24,0.98298,28,41,227661,156,31,7,1,0,0.0,316
343,2013-10-31,game-01,885581,0,0,0,0,6,0,0,0.0,108,100,15,1,2,3,3,15,3,3,0,0,0,0,0,0.0,0.89474,0.92593,0,0,0,0,0,0,0,0,0,0,0,0,0,0,0,0,10,0.91,15,16,45872,5040,12,4,0,0,0.0,66
344,2013-10-31,game-01,427447,0,0,0,0,5,0,0,0.0,115,160,18,3,21,5,5,17,4,2,0,0,0,0,0,0.0,0.875,0.92174,0,0,0,0,0,0,0,0,0,0,0,0,0,0,0,0,16,0.9375,18,18,49632,4641,13,3,0,0,0.0,194
345,2013-10-31,game-01,296511,0,1,0,0,5,0,12,12.0,162,120,0,0,24,13,14,9,3,5,0,1,0,0,0,0.0,0.89474,0.90741,0,0,0,0,0,0,0,0,0,0,0,0,0,0,0,0,12,0.89167,16,16,57346,3988,18,1,1,0,0.0,72
346,2013-10-31,game-01,707281,0,0,0,0,2,0,0,0.0,40,24,6,1,9,2,2,17,1,2,0,0,0,0,0,0.0,0.63636,0.825,0,0,0,0,0,0,0,0,0,0,0,0,0,0,0,0,3,0.875,6,6,42591,5451,4,0,0,0,0.0,25
347,2013-10-31,game-01,967001,0,0,0,0,0,0,0,0.0,0,0,0,0,2,0,0,0,0,0,0,0,0,0,0,0.0,0.0,0.0,0,0,0,0,0,0,0,0,0,0,0,0,0,0,0,0,0,0.0,0,0,96029,1823,0,0,0,0,0.0,49
348,2013-10-31,game-01,394524,0,0,0,0,7,2,53,17.67,168,230,0,0,32,6,8,15,4,7,0,0,0,0,2,0.0,0.91892,0.90476,0,0,0,0,0,0,0,0,0,0,0,0,0,0,0,0,23,0.79565,26,26,76104,2742,21,14,3,0,0.0,62
349,2013-10-31,game-01,536682,0,0,0,0,6,1,0,0.0,287,210,25,5,17,8,10,27,6,7,0,0,0,0,0,0.0,0.96078,0.94774,0,0,0,0,0,0,0,0,0,0,0,0,0,0,0,0,21,0.92857,24,25,132505,836,32,11,0,0,0.0,86
350,2013-10-31,game-01,83136,0,0,0,0,4,0,0,0.0,141,185,14,5,8,6,6,17,7,2,0,0,0,0,0,0.0,0.9697,0.93617,0,0,0,0,0,0,0,0,0,0,0,0,0,0,0,0,19,0.92432,7,14,50740,4543,16,2,0,0,0.0,132
351,2013-10-31,game-01,910625,0,1,0,0,10,1,0,0.0,395,170,27,4,17,11,13,29,11,11,0,1,0,0,1,0.0,0.93671,0.93671,0,0,0,0,0,0,0,0,0,0,0,0,0,0,0,0,17,0.88235,27,27,172931,397,41,5,0,0,0.0,166
352,2013-10-31,game-01,261146,0,0,0,0,1,0,0,0.0,60,72,16,4,8,2,2,18,4,0,0,0,0,0,0,0.0,1.0,0.93333,0,0,0,0,0,0,0,0,0,0,0,0,0,0,0,0,9,0.91667,16,16,58774,3872,6,0,0,0,0.0,32
353,2013-10-31,game-01,398946,0,0,0,0,0,0,0,0.0,0,0,0,0,0,0,0,0,0,0,0,0,0,0,0,0.0,0.0,0.0,0,0,0,0,0,0,0,0,0,0,0,0,0,0,0,0,0,0.0,0,0,41450,5593,0,0,0,0,0.0,14
354,2013-10-31,game-01,217141,0,0,0,0,1,0,0,0.0,130,88,12,3,12,3,4,18,4,2,0,0,0,0,0,0.0,0.93478,0.93077,0,0,0,0,0,0,0,0,0,0,0,0,0,0,0,0,11,0.89773,12,12,61528,3670,13,0,0,0,0.0,27
355,2013-10-31,game-01,401902,0,0,0,0,7,0,0,0.0,246,120,0,0,69,19,20,25,2,7,1,0,0,0,0,0.0,0.97297,0.94309,0,0,100,100,0,0,0,0,0,0,5400,100,0,1700,0,0,12,0.95833,22,22,505691,23,26,3,0,0,0.0,85
356,2013-10-31,game-01,50587,0,0,0,0,2,0,0,0.0,50,40,3,1,10,2,2,11,2,1,0,0,0,0,0,0.0,1.0,0.9,0,0,0,0,0,0,0,0,0,0,0,0,0,0,0,0,5,0.775,3,4,44777,5163,7,4,0,0,0.0,23
357,2013-10-31,game-01,718766,0,0,0,0,4,0,0,0.0,163,150,12,5,14,8,10,24,5,5,0,0,0,0,0,0.0,0.8871,0.89571,0,0,0,0,0,0,0,0,0,0,0,0,0,0,0,0,15,0.92,11,12,89099,2115,19,9,0,0,0.0,73
358,2013-10-31,game-01,926321,0,0,0,0,6,0,0,0.0,119,130,20,3,15,6,7,18,3,3,0,0,0,0,0,0.0,0.90909,0.91597,0,0,0,0,0,0,0,0,0,0,0,0,0,0,0,0,13,0.91538,20,20,66637,3331,14,7,0,0,0.0,142
359,2013-10-31,game-01,526252,0,0,0,0,8,0,0,0.0,270,240,0,0,37,7,8,24,6,4,0,0,0,0,0,0.0,0.98077,0.97778,0,0,0,0,0,0,0,0,0,0,0,0,0,0,0,0,24,0.8375,38,38,108887,1396,28,2,0,0,0.0,305
360,2013-10-31,game-01,817397,0,0,0,0,6,1,0,0.0,124,170,35,5,9,3,5,27,5,4,0,0,0,0,0,0.0,0.85,0.92742,0,0,0,0,0,0,0,0,0,0,0,0,0,0,0,0,17,0.84118,34,35,102049,1588,13,2,0,0,0.0,194
361,2013-10-31,game-01,948009,0,1,0,0,3,0,125,20.83,170,150,24,2,0,5,5,23,6,3,0,1,0,0,0,0.33333,0.83721,0.85882,0,0,0,0,0,0,0,0,0,0,0,0,0,0,0,0,15,0.88667,23,24,67289,3291,17,0,6,0,0.0,131
362,2013-10-31,game-01,846492,0,0,0,0,3,0,0,0.0,91,40,0,0,6,1,3,15,3,3,0,0,0,0,0,0.0,0.84211,0.86813,0,0,0,0,0,0,0,0,0,0,0,0,0,0,0,0,4,0.85,25,25,48089,4785,10,3,0,0,0.0,133
363,2013-10-31,game-01,772769,0,0,0,0,8,0,79,15.8,180,70,16,3,19,9,9,17,3,7,0,0,0,0,0,0.0,0.91667,0.92778,0,0,0,0,0,0,0,0,0,0,0,0,0,0,0,0,7,0.92857,15,16,51173,4510,18,0,5,0,0.0,59
364,2013-10-31,game-01,487277,0,0,0,0,9,1,33,11.0,223,170,36,6,70,14,16,20,7,10,0,0,0,0,0,0.0,0.96721,0.95067,0,0,0,0,0,0,0,0,0,0,0,0,0,0,0,0,17,0.92353,35,36,152583,580,28,15,3,0,0.0,181
365,2013-10-31,game-01,820621,0,0,0,0,8,0,21,21.0,166,25,32,2,35,7,8,19,3,4,0,0,0,0,0,0.0,1.0,0.9759,0,0,0,0,0,0,0,0,0,0,0,0,0,0,0,0,3,0.88,19,32,99943,1675,20,8,1,0,0.0,168
366,2013-10-31,game-01,160317,0,0,0,0,5,0,0,0.0,231,200,30,4,1,5,6,27,7,10,0,0,0,0,1,0.0,0.84906,0.89177,0,0,0,0,0,0,0,0,0,0,0,0,0,0,0,0,20,0.835,29,30,104521,1508,27,13,0,0,0.0,106
367,2013-10-31,game-01,80472,0,0,0,0,8,0,0,0.0,186,180,28,4,24,9,10,16,5,8,0,0,0,0,0,0.0,0.85185,0.9086,0,0,0,0,0,0,0,0,0,0,0,0,0,0,0,0,18,0.76667,28,28,57555,3970,21,8,0,0,0.0,145
368,2013-10-31,game-01,347121,0,0,0,0,3,0,193,64.33,80,70,20,1,9,5,5,14,1,3,0,0,0,0,0,0.66667,0.75,0.9125,0,0,0,0,0,0,0,0,0,0,0,0,0,0,0,0,7,0.95714,20,21,63658,3540,10,6,3,1,1.0,50
369,2013-10-31,game-01,936275,0,0,0,0,3,0,0,0.0,0,0,0,0,5,0,0,0,0,0,0,0,0,0,0,0.0,0.0,0.0,0,0,0,0,0,0,0,0,0,0,0,0,0,0,0,0,0,0.0,0,0,58841,3863,0,0,0,0,0.0,116
370,2013-10-31,game-01,780983,0,0,0,0,2,0,0,0.0,125,70,5,3,21,3,5,20,4,5,0,0,0,0,0,0.0,1.0,0.992,0,0,0,0,0,0,0,0,0,0,0,0,0,0,0,0,7,0.25714,4,5,60861,3712,14,5,0,0,0.0,194
371,2013-10-31,game-01,604688,0,0,0,0,5,0,0,0.0,182,40,0,0,22,7,7,14,3,5,0,0,0,0,0,0.0,0.84848,0.91209,0,0,0,0,0,0,0,0,0,0,0,0,0,0,0,0,4,0.825,22,22,44683,5170,20,0,0,0,0.0,48
372,2013-10-31,game-01,205017,0,0,0,0,6,1,40,20.0,236,220,20,5,38,20,22,21,5,6,0,0,0,0,1,0.0,0.79545,0.85169,0,0,0,0,0,0,0,0,0,0,0,0,0,0,0,0,22,0.92273,20,20,94718,1869,26,6,2,0,0.0,280
373,2013-10-31,game-01,60643,0,0,0,0,6,0,0,0.0,260,188,22,4,61,11,11,28,5,7,0,0,0,0,0,0.0,0.98214,0.96538,0,0,0,0,0,0,0,0,0,0,100,0,0,0,0,0,19,0.94681,7,22,98192,1740,26,0,0,0,0.0,145
374,2013-10-31,game-01,905541,0,0,0,0,8,0,0,0.0,164,100,36,3,22,5,6,18,5,6,0,0,0,0,0,0.0,0.9375,0.90854,0,0,0,0,0,0,0,0,0,0,0,0,0,0,0,0,10,0.8,36,36,66800,3318,20,12,0,0,0.0,260
375,2013-10-31,game-01,924806,0,1,0,0,9,0,0,0.0,198,180,19,4,6,8,9,17,9,8,0,0,0,0,0,0.0,0.93182,0.94949,0,0,0,0,0,0,0,0,0,0,0,0,0,0,0,0,18,0.83889,18,19,48484,4751,25,8,0,0,0.0,49
376,2013-10-31,game-01,964989,0,0,0,0,4,0,0,0.0,75,40,0,0,30,2,4,21,2,0,0,0,0,0,0,0.0,0.85714,0.86667,0,0,0,0,0,0,0,0,0,0,0,0,0,0,0,0,4,0.8,12,12,111802,1316,8,1,0,0,0.0,114
377,2013-10-31,game-01,67232,0,0,0,0,6,0,0,0.0,108,152,18,5,5,7,7,20,5,1,0,1,0,0,0,0.0,0.92308,0.93519,0,0,0,0,0,0,0,0,0,0,0,0,0,0,0,0,19,0.79605,17,18,63905,3525,12,4,0,0,0.0,33
378,2013-10-31,game-01,919280,0,0,0,0,3,0,0,0.0,40,106,0,0,8,1,1,14,3,1,0,0,0,0,1,0.0,1.0,0.95,0,0,0,0,0,0,0,0,0,0,0,0,0,0,0,0,14,0.98113,3,12,39568,5831,4,0,0,0,0.0,24
379,2013-10-31,game-01,945321,0,0,0,0,0,0,0,0.0,0,0,0,0,0,0,0,0,0,0,0,0,0,0,0,0.0,0.0,0.0,0,0,0,0,0,0,0,0,0,0,0,0,0,0,0,0,0,0.0,0,0,44968,5146,0,0,0,0,0.0,18
380,2013-10-31,game-01,624284,0,0,0,0,5,0,0,0.0,292,180,29,2,60,14,15,18,6,7,0,1,0,0,0,0.0,0.87931,0.89726,0,0,0,0,0,0,0,0,0,0,0,0,0,0,0,0,18,0.91667,29,29,82308,2424,31,3,0,2,0.83333,237
381,2013-10-31,game-01,897539,0,0,0,0,4,0,0,0.0,72,50,19,1,10,2,3,11,2,3,0,0,0,0,0,0.0,1.0,0.88889,0,0,0,0,0,0,0,0,0,0,0,0,0,0,0,0,5,0.82,19,19,39673,5816,9,0,0,0,0.0,160
382,2013-10-31,game-01,661479,0,0,0,0,6,0,0,0.0,155,180,16,3,13,6,7,18,6,4,0,0,0,0,0,0.0,0.81818,0.85806,0,0,0,0,0,0,0,0,0,0,0,0,0,0,0,0,18,0.86111,16,16,53752,4292,16,0,0,0,0.0,125
383,2013-10-31,game-01,420779,0,0,0,0,3,0,0,0.0,100,0,0,0,14,6,8,0,0,3,0,0,0,0,0,0.0,1.0,0.96,0,0,0,0,0,0,0,0,0,0,0,0,0,0,0,0,0,0.0,0,0,44221,5234,10,0,0,0,0.0,86
384,2013-10-31,game-01,163415,0,3,0,0,1,1,143,71.5,111,80,23,3,0,4,4,15,4,1,0,0,0,0,0,1.0,0.90909,0.90991,0,0,0,0,0,0,0,0,0,0,0,0,0,0,0,0,10,0.925,23,23,46994,4902,12,3,2,0,0.0,26
385,2013-10-31,game-01,142359,0,0,0,0,5,1,23,23.0,139,178,25,6,0,5,6,29,6,5,0,0,0,0,1,0.0,0.93103,0.89209,0,0,0,0,0,0,0,0,0,0,0,0,0,0,0,0,22,0.8764,25,25,114708,1240,16,7,1,2,0.84,43
386,2013-10-31,game-01,159131,0,0,0,0,0,0,0,0.0,40,110,0,0,9,0,2,13,2,0,0,0,0,0,0,0.0,0.8,0.925,0,0,0,0,0,0,0,0,0,0,0,0,0,0,0,0,11,0.67273,36,36,57223,3998,4,0,0,0,0.0,63
387,2013-10-31,game-01,308122,0,0,0,0,5,0,0,0.0,240,140,0,0,2,6,7,23,7,7,0,1,0,0,0,0.0,0.95349,0.9125,0,0,0,0,0,0,0,0,0,0,0,0,0,0,0,0,14,0.72143,21,21,77977,2641,24,0,0,1,1.0,197
388,2013-10-31,game-01,280064,0,0,0,0,6,0,0,0.0,200,95,17,4,78,10,10,21,4,3,0,0,0,0,0,0.0,1.0,0.99,0,0,0,0,0,0,0,0,0,0,0,0,0,0,0,0,10,0.89474,2,17,121616,1059,25,16,0,0,0.0,159
389,2013-10-31,game-01,540235,0,1,0,0,5,0,85,17.0,137,150,24,7,10,7,8,12,7,6,0,4,0,0,0,0.0,0.88889,0.89781,0,0,0,0,0,0,0,0,0,0,0,0,0,0,0,0,15,0.84,24,24,41803,5550,15,2,5,0,0.0,56
390,2013-10-31,game-01,574659,0,0,0,0,6,0,0,0.0,84,60,17,3,25,3,3,22,4,6,0,0,0,0,0,0.0,0.75,0.82143,0,0,0,0,0,0,0,0,0,0,0,0,0,0,0,0,6,0.9,17,17,91322,2022,12,12,0,0,0.0,88
391,2013-10-31,game-01,893526,0,0,0,0,4,0,0,0.0,42,60,27,2,10,2,2,9,2,3,0,0,0,0,0,0.0,1.0,0.90476,0,0,0,0,0,0,0,0,0,0,0,0,0,0,0,0,6,0.86667,27,27,40967,5648,6,0,0,0,0.0,82
392,2013-10-31,game-01,959923,0,0,0,0,7,0,0,0.0,199,110,26,2,21,5,6,20,4,7,0,0,0,0,0,0.0,0.85106,0.8995,0,0,0,0,0,0,0,0,0,0,0,0,0,0,0,0,11,0.88182,26,26,67496,3282,22,7,0,0,0.0,206
393,2013-10-31,game-01,161268,0,0,0,0,5,3,39,13.0,199,232,14,5,22,7,8,31,5,5,0,0,0,0,3,0.0,0.90698,0.9196,0,0,0,0,0,0,0,0,0,0,0,0,0,0,0,0,29,0.88362,12,14,164115,468,22,6,3,1,0.94118,36
394,2013-10-31,game-01,775145,0,0,0,0,5,0,0,0.0,147,160,14,6,14,8,9,21,6,6,0,1,0,0,0,0.0,0.85,0.89116,0,0,0,0,0,0,0,0,0,0,0,0,0,0,0,0,16,0.86875,14,14,65777,3385,17,7,0,0,0.0,83
395,2013-10-31,game-01,940378,0,0,0,0,10,0,0,0.0,180,140,26,3,42,6,9,22,6,3,0,0,0,0,0,0.0,0.94595,0.95,0,0,0,0,0,0,0,0,0,0,0,0,0,0,0,0,14,0.81429,26,26,80670,2501,21,10,0,0,0.0,305
396,2013-10-31,game-01,584822,0,0,0,0,7,0,26,26.0,198,110,35,6,11,8,11,21,7,8,0,1,0,0,0,0.0,0.98077,0.96465,0,0,0,0,0,0,0,0,0,0,0,0,0,0,0,0,11,0.89091,34,35,81524,2459,21,4,1,0,0.0,198
397,2013-10-31,game-01,321441,0,0,0,0,7,0,0,0.0,118,40,9,2,5,8,8,14,5,6,0,1,0,0,0,0.0,0.88,0.87288,0,0,0,0,0,0,0,0,0,0,0,0,0,0,0,0,6,0.875,1,8,58562,3884,14,2,0,0,0.0,73
398,2013-10-31,game-01,352630,0,0,0,0,5,0,0,0.0,118,100,13,4,6,5,5,17,4,5,0,0,0,0,0,0.0,0.86957,0.89831,0,0,0,0,0,0,0,0,0,0,0,0,0,0,0,0,10,0.98,13,13,57834,3946,13,4,0,0,0.0,63
399,2013-10-31,game-01,197737,0,0,0,0,5,0,120,60.0,60,48,16,1,7,2,2,18,2,3,0,0,0,0,0,1.0,1.0,0.95,0,0,0,0,0,0,0,0,0,0,0,0,0,0,0,0,6,0.875,16,16,64717,3475,6,0,2,0,0.0,34
400,2013-10-31,game-01,117544,0,0,0,0,8,1,57,11.4,175,210,0,0,1,4,6,16,5,8,0,0,0,0,1,0.0,0.93939,0.90286,0,0,0,0,0,0,0,0,0,0,0,0,0,0,0,0,21,0.87619,23,24,48478,4752,21,9,5,0,0.0,74
401,2013-10-31,game-01,99774,0,0,0,0,8,0,0,0.0,220,80,25,4,9,8,8,23,7,10,0,1,0,0,0,0.0,0.92683,0.85909,0,0,0,0,0,0,0,0,0,0,0,0,0,0,0,0,8,0.7375,25,25,98563,1725,25,10,0,0,0.0,208
402,2013-10-31,game-01,672266,0,0,0,0,5,0,0,0.0,139,106,34,2,17,8,9,20,3,3,0,0,0,0,0,0.0,0.89655,0.92806,0,0,0,0,0,0,0,0,0,0,0,0,0,0,0,0,21,0.99057,20,22,113082,1281,17,9,0,0,0.0,217
403,2013-10-31,game-01,66180,0,0,0,0,7,1,29,7.25,286,150,15,3,57,21,22,27,5,4,0,0,0,0,0,0.0,0.97917,0.95105,0,0,0,0,0,0,0,0,0,0,0,0,0,0,0,0,15,0.99333,14,14,154224,564,31,8,4,0,0.0,141
404,2013-10-31,game-01,42972,0,0,0,0,7,1,14,14.0,212,170,22,5,13,7,7,20,7,7,0,0,0,0,1,0.0,0.96078,0.96698,0,0,0,0,0,0,0,0,0,0,0,0,0,0,0,0,21,0.82941,21,22,65806,3383,23,6,1,1,0.94118,43
405,2013-10-31,game-01,893209,0,0,0,0,6,0,0,0.0,160,120,16,5,1,5,5,24,5,6,0,0,0,0,0,0.0,0.85714,0.925,0,0,0,0,0,0,0,0,0,0,0,0,0,0,0,0,12,0.93333,16,16,76373,2725,16,0,0,0,0.0,179
406,2013-10-31,game-01,174068,0,0,0,0,3,0,0,0.0,25,20,0,0,1,1,1,10,1,2,0,0,0,0,0,0.0,0.83333,0.92,0,0,0,0,0,0,0,0,0,0,0,0,0,0,0,0,2,0.65,22,22,48788,4723,5,5,0,0,0.0,84
407,2013-10-31,game-01,507447,0,0,0,0,9,0,30,30.0,162,130,27,3,5,6,6,22,5,6,0,1,0,0,0,0.0,0.88889,0.82716,0,0,0,0,0,0,0,0,0,0,0,0,0,0,0,0,13,0.87692,26,27,63996,3521,18,6,1,0,0.0,168
408,2013-10-31,game-01,387278,0,0,0,0,2,0,0,0.0,61,50,16,2,2,2,2,18,2,2,0,0,0,0,0,0.0,0.91667,0.93443,0,0,0,0,0,0,0,0,0,0,0,0,0,0,0,0,5,0.7,16,16,65591,3402,7,3,0,0,0.0,63
409,2013-10-31,game-01,767236,0,2,0,0,11,0,18,18.0,263,104,17,6,35,15,18,19,6,11,0,2,0,0,0,0.0,0.91803,0.92015,0,0,0,0,0,0,0,0,0,0,0,0,0,0,0,0,13,0.93269,17,17,72938,2920,29,9,1,0,0.0,25
410,2013-10-31,game-01,242588,0,1,0,0,6,1,117,58.5,196,96,0,0,12,9,9,14,6,7,0,1,0,0,1,0.5,0.9697,0.94898,0,0,0,0,0,0,0,0,0,0,0,0,0,0,0,0,16,0.89583,18,18,45678,5068,24,7,2,1,0.875,9
411,2013-10-31,game-01,278289,0,0,0,0,2,0,0,0.0,77,100,30,2,4,3,3,17,3,2,0,0,0,0,0,0.0,0.94737,0.88312,0,0,0,0,0,0,0,0,0,0,0,0,0,0,0,0,10,0.69,30,30,45909,5033,8,1,0,0,0.0,129
412,2013-10-31,game-01,90458,0,0,0,0,5,0,27,13.5,130,170,28,5,1,3,5,18,5,3,0,0,0,0,0,0.0,0.82609,0.83846,0,0,0,0,0,0,0,0,0,0,0,0,0,0,0,0,17,0.86471,28,28,41033,5638,13,0,2,0,0.0,49
413,2013-10-31,game-01,570944,0,0,0,0,4,0,0,0.0,120,50,0,0,18,5,5,17,1,6,0,0,0,0,0,0.0,0.88372,0.875,0,0,0,0,0,0,0,0,0,0,0,0,0,0,0,0,5,0.72,9,9,61570,3665,12,0,0,0,0.0,90
414,2013-10-31,game-01,425796,0,0,0,0,0,0,0,0.0,60,40,0,0,8,1,2,13,2,0,0,0,0,0,0,0.0,0.93333,0.91667,0,0,0,0,0,0,0,0,0,0,0,0,0,0,0,0,4,0.875,28,28,42451,5465,6,0,0,0,0.0,93
415,2013-10-31,game-01,725753,0,0,0,0,2,0,101,50.5,127,50,40,3,18,6,6,20,3,2,0,1,0,0,0,0.5,0.95652,0.96063,0,0,0,0,0,0,0,0,0,0,0,0,0,0,0,0,5,0.92,40,40,102515,1576,13,1,2,1,1.0,67
416,2013-10-31,game-01,471299,0,0,0,0,11,0,0,0.0,281,190,22,7,11,9,10,27,7,11,0,1,0,0,0,0.0,0.79688,0.86477,0,0,0,0,0,0,0,0,0,0,0,0,0,0,0,0,19,0.74211,22,22,92660,1956,29,3,0,0,0.0,105
417,2013-10-31,game-01,946142,0,0,0,0,4,0,0,0.0,148,150,0,0,0,4,4,16,4,4,0,1,0,0,0,0.0,0.93939,0.87162,0,0,0,0,0,0,0,0,0,0,0,0,0,0,0,0,15,0.92,36,36,55547,4141,16,4,0,0,0.0,144
418,2013-10-31,game-01,826677,0,0,0,0,4,0,52,13.0,140,80,35,2,4,3,4,16,3,4,0,0,0,0,0,0.0,1.0,0.95,0,0,0,0,0,0,0,0,0,0,0,0,0,0,0,0,8,0.8375,35,35,48163,4777,14,0,4,0,0.0,269
419,2013-10-31,game-01,492899,0,0,0,0,4,1,16,16.0,51,140,0,0,1,1,2,15,3,1,0,1,0,0,1,0.0,0.76923,0.88235,0,0,0,0,0,0,0,0,0,0,0,0,0,0,0,0,14,0.74286,26,26,43768,5299,6,3,1,1,1.0,67
420,2013-10-31,game-01,221107,0,0,0,0,7,1,86,21.5,155,110,11,5,18,9,9,20,5,7,0,1,0,0,1,0.25,0.9403,0.93548,0,0,0,0,0,0,0,0,0,0,0,0,0,0,0,0,11,0.92727,11,11,100649,1644,19,11,4,0,0.0,54
421,2013-10-31,game-01,696594,0,1,0,0,4,1,0,0.0,184,70,18,4,7,5,5,14,4,7,0,2,0,0,0,0.0,0.86364,0.8587,0,0,0,0,0,0,0,0,0,3100,0,0,0,400,0,0,7,0.7,18,18,40374,5731,20,2,0,0,0.0,158
422,2013-10-31,game-01,747248,0,0,0,0,4,0,0,0.0,100,130,0,0,6,2,4,14,3,4,0,0,0,0,0,0.0,0.84211,0.93,0,0,0,0,0,0,0,0,0,0,0,0,0,0,0,0,13,0.88462,14,14,43018,5392,12,4,0,0,0.0,71
423,2013-10-31,game-01,811606,0,1,0,0,6,1,82,41.0,166,128,0,0,0,5,7,17,7,6,0,1,0,0,0,0.5,1.0,0.92771,0,0,0,0,0,0,0,0,0,0,0,0,0,0,0,0,16,0.85938,17,18,45433,5093,19,3,2,0,0.0,24
424,2013-10-31,game-01,990051,0,0,0,0,2,0,29,14.5,121,170,28,4,14,3,4,17,4,2,0,0,0,0,0,0.0,0.86364,0.89256,0,0,0,0,0,0,0,0,0,0,0,0,0,0,0,0,17,0.84118,27,28,46809,4932,13,3,2,0,0.0,272
425,2013-10-31,game-01,76275,0,0,0,0,8,0,0,0.0,162,88,0,0,3,4,5,17,4,8,0,0,0,0,1,0.0,0.93939,0.92593,0,0,0,0,0,0,0,0,0,0,0,0,0,0,0,0,11,0.90909,27,27,65596,3400,18,6,0,1,1.0,24
426,2013-10-31,game-01,43843,0,0,0,0,7,2,22,22.0,186,127,36,4,2,5,5,30,5,6,0,0,0,0,1,0.0,0.97222,0.95161,0,0,0,0,0,0,0,0,0,0,300,0,0,0,0,0,13,0.84252,28,36,132917,829,21,8,1,0,0.0,64
427,2013-10-31,game-01,306825,0,0,0,0,7,0,208,69.33,207,70,25,2,22,6,6,12,2,7,0,0,0,0,0,0.66667,0.98,0.95169,0,0,0,0,0,0,0,0,0,0,0,0,0,0,0,0,7,0.94286,25,25,46033,5016,21,1,3,0,0.0,61
428,2013-10-31,game-01,371199,0,0,0,0,3,0,0,0.0,151,100,36,3,11,3,5,22,3,2,0,0,0,0,0,0.0,1.0,0.97351,0,0,0,0,0,0,0,0,0,0,0,0,0,0,0,0,10,0.93,36,36,89377,2103,16,3,0,1,0.9,207
429,2013-10-31,game-01,625542,0,0,0,0,7,1,43,21.5,150,200,41,5,15,3,4,23,5,2,0,0,0,0,0,0.0,0.94118,0.91333,0,0,0,0,0,0,0,0,0,0,100,0,0,0,0,0,20,0.825,41,41,82849,2396,15,0,2,0,0.0,242
430,2013-10-31,game-01,640239,0,0,0,0,2,0,0,0.0,114,40,20,1,49,5,5,13,1,4,0,0,0,0,0,0.0,0.88462,0.92105,0,0,0,0,0,0,0,0,0,0,0,0,0,0,0,0,4,0.9,20,20,49353,4669,12,0,0,0,0.0,208
431,2013-10-31,game-01,569394,0,0,0,0,5,0,34,11.33,49,30,0,0,7,4,5,0,0,0,0,0,0,0,0,0.0,1.0,0.97959,0,0,0,0,0,0,0,0,0,0,0,0,0,0,0,0,3,0.73333,27,27,81734,2448,6,3,3,0,0.0,97
432,2013-10-31,game-01,386031,0,0,0,0,0,0,0,0.0,0,0,0,0,12,0,0,0,0,0,0,0,0,0,0,0.0,0.0,0.0,0,0,0,0,0,0,0,0,0,0,0,0,0,0,0,0,0,0.0,0,0,43362,5350,0,0,0,0,0.0,82
433,2013-10-31,game-01,404727,0,0,0,0,5,0,0,0.0,198,130,23,1,2,9,10,17,8,7,0,1,0,0,0,0.0,0.97222,0.91919,0,0,0,0,0,0,0,0,0,0,0,0,0,0,0,0,13,0.63846,23,23,65002,3454,24,6,0,0,0.0,259
434,2013-10-31,game-01,92879,0,0,0,0,4,3,128,42.67,98,264,28,3,0,3,3,22,5,3,0,0,0,0,3,0.33333,0.80769,0.90816,0,0,0,0,0,0,0,0,0,0,0,0,0,0,0,0,33,0.88636,27,28,70122,3089,11,4,3,1,1.0,29
435,2013-10-31,game-01,747913,0,0,0,0,10,1,133,66.5,298,260,20,6,80,15,18,23,8,9,0,0,0,0,1,1.0,0.94118,0.93289,0,0,0,0,0,0,0,0,0,0,0,0,0,0,0,0,26,0.83462,19,20,185601,314,35,16,2,1,1.0,51
436,2013-10-31,game-01,721428,0,0,0,0,9,0,53,1.89,139,130,19,4,32,7,7,17,4,9,0,0,0,0,0,0.0,0.83333,0.86331,0,0,0,0,0,0,0,0,0,0,0,0,0,0,0,0,13,0.78462,18,19,71940,2976,19,16,28,0,0.0,141
437,2013-10-31,game-01,232529,0,0,0,0,0,0,0,0.0,0,0,0,0,13,0,0,0,0,0,0,0,0,0,0,0.0,0.0,0.0,0,0,0,0,0,0,0,0,0,0,0,0,0,0,0,0,0,0.0,0,0,74996,2794,0,0,0,0,0.0,16
438,2013-10-31,game-01,602483,0,0,0,0,4,0,62,15.5,160,180,27,2,18,6,6,18,4,1,0,1,0,0,0,0.0,0.97436,0.93125,0,0,0,0,0,0,0,0,0,0,0,0,0,0,0,0,18,0.9,27,28,42906,5411,16,0,4,0,0.0,111
439,2013-10-31,game-01,68010,0,1,0,0,4,0,0,0.0,118,150,0,0,9,4,5,15,5,4,0,1,0,0,0,0.0,0.87097,0.89831,0,0,0,0,0,0,0,0,0,0,0,0,0,0,0,0,15,0.74667,19,19,41093,5630,13,1,0,0,0.0,88
440,2013-10-31,game-01,264721,0,0,0,0,5,0,53,10.6,300,210,23,1,5,4,7,24,7,9,0,0,0,0,0,0.0,0.97101,0.92333,0,0,0,0,0,0,0,0,0,0,0,0,0,0,0,0,21,0.94286,23,23,97368,1776,30,0,5,0,0.0,209
441,2013-10-31,game-01,633679,0,0,0,0,6,0,0,0.0,122,54,0,0,9,4,5,18,5,6,0,1,0,0,0,0.0,0.86957,0.91803,0,0,0,0,0,0,0,0,0,0,0,0,0,0,0,0,9,0.85185,16,16,65203,3434,14,6,0,1,1.0,12
442,2013-10-31,game-01,289843,0,0,0,0,0,0,0,0.0,0,0,0,0,0,0,0,0,0,0,0,0,0,0,0,0.0,0.0,0.0,0,0,0,0,0,0,0,0,0,0,0,0,0,0,0,0,0,0.0,0,0,52050,4441,0,0,0,0,0.0,161
443,2013-10-31,game-01,578008,0,0,0,0,2,0,57,19.0,146,210,16,3,0,3,4,18,6,2,0,0,0,0,0,0.0,0.93939,0.77397,0,0,0,0,0,0,0,0,0,0,0,0,0,0,0,0,21,0.87143,16,16,68312,3223,17,8,3,0,0.0,95
444,2013-10-31,game-01,423069,0,0,0,0,9,1,0,0.0,291,210,28,6,53,27,30,25,6,9,0,0,0,0,1,0.0,0.96667,0.94845,0,0,0,0,0,0,0,0,0,0,0,0,0,0,0,0,21,0.94762,27,28,131255,861,32,9,0,0,0.0,83
445,2013-10-31,game-01,428989,0,0,0,0,6,0,0,0.0,141,120,25,6,7,5,6,21,6,0,0,0,0,0,0,0.0,0.87097,0.92908,0,0,0,0,0,0,0,0,0,0,0,0,0,0,0,0,12,0.86667,24,25,71238,3025,15,3,0,0,0.0,49
446,2013-10-31,game-01,698615,0,0,0,0,9,1,262,32.75,239,210,0,0,60,10,11,20,4,7,0,0,0,0,0,0.375,0.92453,0.94561,0,0,0,0,0,0,0,0,0,0,0,0,0,0,0,0,21,0.89048,39,40,130504,874,29,17,8,0,0.0,275
447,2013-10-31,game-01,547726,0,0,0,0,1,0,0,0.0,82,70,27,1,0,4,4,15,4,4,0,1,0,0,0,0.0,0.86364,0.90244,0,0,0,0,0,0,0,0,0,0,0,0,0,0,0,0,7,0.84286,27,27,51551,4480,10,3,0,0,0.0,84
448,2013-10-31,game-01,736445,0,0,0,0,10,0,41,41.0,149,320,28,1,35,17,18,15,3,6,0,0,0,0,2,1.0,1.0,0.9396,0,0,0,0,0,0,0,0,0,0,0,0,0,0,0,0,32,0.8,28,29,104211,1521,19,8,1,0,0.0,49
449,2013-10-31,game-01,777728,0,0,0,0,7,0,0,0.0,186,190,15,1,2,3,5,21,6,7,0,0,0,0,0,0.0,0.925,0.89247,0,0,0,0,0,0,0,0,0,0,0,0,0,0,0,0,19,0.85789,15,15,76496,2721,21,8,0,1,1.0,50
450,2013-10-31,game-01,683736,0,0,0,0,4,1,0,0.0,63,30,26,1,12,3,3,25,3,4,0,1,0,0,0,0.0,0.83333,0.79365,0,0,0,0,0,0,0,0,0,0,200,0,0,0,0,0,3,0.86667,26,26,159826,513,9,9,0,0,0.0,84
451,2013-10-31,game-01,571717,0,0,0,0,4,0,0,0.0,100,26,11,2,12,4,5,16,2,4,0,0,0,0,0,0.0,0.89362,0.91,0,0,0,0,0,0,0,0,0,0,0,0,0,0,0,0,3,0.80769,11,11,45376,5100,10,0,0,1,0.88235,43
452,2013-10-31,game-01,136880,0,0,0,0,3,0,0,0.0,73,10,0,0,8,3,3,15,1,3,0,0,0,0,0,0.0,1.0,0.86301,0,0,0,0,0,0,0,0,0,0,0,0,0,0,0,0,1,0.9,17,17,45011,5140,10,9,0,0,0.0,140
453,2013-10-31,game-01,527264,0,1,0,0,8,2,190,63.33,107,110,0,0,2,6,7,15,6,8,0,1,0,0,2,0.66667,0.94118,0.90654,0,0,0,0,0,0,0,0,0,0,0,0,0,0,0,0,11,0.92727,23,23,52692,4385,17,13,3,0,0.0,70
454,2013-10-31,game-01,677487,0,0,0,0,4,0,0,0.0,209,200,41,3,0,5,6,22,5,4,0,0,0,0,0,0.0,0.86364,0.85646,0,0,0,0,0,0,0,0,0,0,0,0,0,0,0,0,20,0.985,41,41,74944,2796,23,7,0,0,0.0,212
455,2013-10-31,game-01,887828,0,1,0,0,8,0,187,93.5,189,120,0,0,12,9,9,17,6,8,0,1,0,0,0,1.0,0.94444,0.91534,0,0,0,0,0,0,0,0,0,0,0,0,0,0,0,0,15,0.9,23,24,58930,3857,22,5,2,1,1.0,36
456,2013-10-31,game-01,519474,0,0,0,0,8,1,34,17.0,251,200,27,4,24,10,11,24,5,8,0,0,0,0,0,0.0,0.91489,0.90837,0,0,0,0,0,0,0,0,0,0,0,0,0,0,0,0,20,0.725,26,27,93216,1928,28,8,2,1,0.9,168
457,2013-10-31,game-01,709687,0,0,0,0,11,1,0,0.0,249,210,41,4,134,14,14,26,5,10,0,1,0,0,1,0.0,0.9375,0.95181,0,0,0,0,0,0,0,0,0,0,0,0,0,0,0,0,21,0.98571,41,41,206031,223,31,19,0,0,0.0,286
458,2013-10-31,game-01,239560,0,0,0,0,9,0,0,0.0,239,100,0,0,1,5,6,22,5,9,0,0,0,0,0,0.0,0.98039,0.94561,0,0,0,0,0,0,0,0,0,0,0,0,0,0,0,0,10,0.82,36,36,108689,1399,26,7,0,0,0.0,268
459,2013-10-31,game-01,170858,0,0,0,0,7,0,0,0.0,168,40,24,1,17,8,9,20,3,7,0,0,0,0,0,0.0,0.91176,0.88095,0,0,0,0,0,0,0,0,0,0,0,0,0,0,0,0,4,0.95,24,24,79281,2572,20,10,0,0,0.0,125
460,2013-10-31,game-01,309882,0,0,0,0,1,0,0,0.0,50,30,0,0,2,2,2,14,2,2,0,1,0,0,0,0.0,0.93333,0.9,0,0,0,0,0,0,0,0,0,0,0,0,0,0,0,0,3,0.93333,17,17,40493,5717,5,0,0,1,0.95,50
461,2013-10-31,game-01,359175,0,0,0,0,9,0,0,0.0,161,65,0,0,20,5,6,23,4,6,0,0,0,0,0,0.0,0.89474,0.91304,0,0,0,0,0,0,0,0,0,0,0,0,0,0,0,0,7,0.84615,22,35,119073,1118,20,13,0,0,0.0,151
462,2013-10-31,game-01,890866,0,0,0,0,6,2,114,22.8,212,177,15,6,15,9,9,21,6,7,0,0,0,0,0,0.2,1.0,0.93868,0,0,0,0,0,0,0,0,0,0,0,0,0,0,0,0,25,0.92655,3,15,86447,2234,23,6,5,0,0.0,59
463,2013-10-31,game-01,665395,0,0,0,0,4,0,0,0.0,221,170,17,1,25,10,12,21,5,4,0,0,0,0,0,0.0,0.88636,0.88688,0,0,0,0,0,0,0,0,0,0,0,0,0,0,0,0,17,0.92353,17,17,96146,1819,24,4,0,1,0.95,128
464,2013-10-31,game-01,711826,0,0,0,0,5,0,0,0.0,179,150,0,0,6,3,5,18,5,4,0,0,0,0,0,0.0,0.94286,0.8324,0,0,0,0,0,0,0,0,0,0,0,0,0,0,0,0,15,0.92,21,21,70132,3088,20,7,0,0,0.0,202
465,2013-10-31,game-01,259233,0,0,0,0,8,1,0,0.0,400,180,33,6,30,17,17,27,6,14,0,0,0,0,0,0.0,0.94521,0.925,0,0,100,0,0,0,0,0,0,1600,200,0,0,400,0,0,18,0.79444,33,33,155924,549,43,9,0,0,0.0,220
466,2013-10-31,game-01,543348,0,0,0,0,12,0,0,0.0,313,167,15,1,14,9,9,23,7,12,0,1,0,0,0,0.0,0.89552,0.92013,0,0,0,0,0,0,0,0,0,0,0,0,0,0,0,0,17,0.83832,5,15,100989,1628,34,9,0,0,0.0,64
467,2013-10-31,game-01,481391,0,0,0,0,4,0,0,0.0,143,150,15,1,36,5,6,10,3,4,0,0,0,0,0,0.0,0.87097,0.85315,0,0,0,0,0,0,0,0,0,0,0,0,0,0,0,0,15,0.92667,15,15,49534,4646,18,6,0,0,0.0,172
468,2013-10-31,game-01,216135,0,0,0,0,9,0,97,13.86,268,170,26,3,16,7,9,26,5,9,0,0,0,0,0,0.14286,0.86441,0.83582,0,0,0,0,0,0,0,0,0,0,0,0,0,0,0,0,17,0.82941,25,26,112207,1299,31,12,7,0,0.0,81
469,2013-10-31,game-01,794215,0,0,0,0,4,0,0,0.0,105,70,19,3,28,5,5,11,4,5,0,0,0,0,0,0.0,0.85714,0.90476,0,0,0,0,0,0,0,0,0,0,0,0,0,0,0,0,7,0.92857,19,19,40225,5753,16,11,0,0,0.0,131
470,2013-10-31,game-01,872375,0,0,0,0,6,0,0,0.0,178,70,36,2,3,5,5,25,5,8,0,0,0,0,0,0.0,0.85,0.88764,0,0,0,0,0,0,0,0,0,0,0,0,0,0,0,0,7,0.94286,36,36,111373,1329,22,14,0,0,0.0,248
471,2013-10-31,game-01,1141,0,0,0,1,4,0,0,0.0,70,40,0,0,9,2,2,13,1,3,0,0,0,0,0,0.0,0.8,0.84286,0,0,0,0,0,0,0,0,0,0,0,0,0,0,0,0,4,0.925,21,21,39447,5853,7,0,0,0,0.0,126
472,2013-10-31,game-01,411347,0,0,0,0,4,0,0,0.0,117,110,22,2,32,4,4,16,3,1,0,0,0,0,0,0.0,0.96154,0.90598,0,0,0,0,0,0,0,0,0,0,0,0,0,0,0,0,11,0.6,22,22,43494,5332,12,1,0,0,0.0,186
473,2013-10-31,game-01,255682,0,0,0,0,6,1,12,12.0,161,210,17,3,22,8,9,18,4,6,0,0,0,0,1,0.0,0.93333,0.95652,0,0,0,0,0,0,0,0,0,0,0,0,0,0,0,0,21,0.84286,16,17,78566,2602,17,0,1,1,0.95,59
474,2013-10-31,game-01,3722,0,0,0,0,6,2,0,0.0,260,280,32,5,7,8,9,17,5,8,0,0,0,0,2,0.0,0.97778,0.90385,0,0,0,0,0,0,0,0,0,0,0,0,0,0,0,0,28,0.95357,32,32,46496,4961,26,0,0,1,0.95,249
475,2013-10-31,game-01,866564,0,0,0,0,8,0,0,0.0,167,140,18,7,31,16,19,20,7,6,0,0,0,0,0,0.0,0.84211,0.90419,0,0,0,0,0,0,0,0,0,0,0,0,0,0,0,0,14,0.95,18,19,80960,2484,19,5,0,0,0.0,124
476,2013-10-31,game-01,82677,0,0,0,0,5,0,0,0.0,172,150,36,4,28,11,12,19,3,1,0,0,0,0,0,0.0,0.93333,0.93023,0,0,0,0,0,0,0,0,0,0,0,0,0,0,0,0,15,0.82667,36,36,104203,1522,18,1,0,0,0.0,305
477,2013-10-31,game-01,127451,0,0,0,0,4,1,0,0.0,180,100,26,6,11,8,8,19,6,5,0,1,0,0,0,0.0,1.0,0.90556,0,0,0,0,0,0,0,0,0,0,0,0,0,0,0,0,10,0.81,25,26,44179,5241,18,0,0,0,0.0,62
478,2013-10-31,game-01,78601,0,0,0,0,0,0,19,19.0,80,70,21,1,3,1,2,17,2,0,0,0,0,0,0,0.0,0.93333,0.925,0,0,0,0,0,0,0,0,0,0,0,0,0,0,0,0,7,0.77143,21,21,55452,4152,8,0,1,0,0.0,70
479,2013-10-31,game-01,746425,0,0,0,0,6,1,0,0.0,274,190,33,8,64,24,26,27,8,9,0,0,0,0,0,0.0,0.92593,0.89416,0,0,0,0,0,0,0,0,0,0,0,0,0,0,0,0,19,0.91053,33,33,135472,790,32,13,0,0,0.0,169
480,2013-10-31,game-01,544198,0,0,0,0,11,0,20,6.67,273,240,37,8,168,24,26,28,8,10,0,0,0,0,1,0.0,1.0,1.0,0,0,0,0,0,0,0,0,0,0,0,0,0,0,0,0,24,0.91667,36,37,306104,59,37,25,3,0,0.0,314
481,2013-10-31,game-01,761370,0,0,0,0,9,0,0,0.0,227,110,17,3,20,16,17,10,3,9,0,2,0,0,0,0.0,0.93023,0.9163,0,0,0,0,0,0,0,0,0,0,0,0,0,0,0,0,11,0.92727,17,17,56854,4022,26,6,0,0,0.0,89
482,2013-10-31,game-01,92681,0,0,0,0,0,0,0,0.0,37,60,28,2,14,3,3,21,2,0,0,0,0,0,0,0.0,0.85714,0.94595,0,0,0,0,0,0,0,0,0,0,0,0,0,0,0,0,6,0.75,28,28,70437,3062,4,0,0,0,0.0,236
483,2013-10-31,game-01,173687,0,0,0,0,11,2,52,52.0,303,230,28,5,6,9,11,31,12,11,0,2,0,0,2,1.0,0.90625,0.92409,0,100,0,0,0,0,0,0,0,100,0,0,0,0,0,0,23,0.80435,27,28,241038,131,36,19,1,0,0.0,86
484,2013-10-31,game-01,541326,0,0,0,0,7,1,0,0.0,273,110,30,1,14,11,11,26,7,13,0,1,0,0,0,0.0,0.95,0.91209,0,0,0,0,0,0,0,0,0,0,0,0,0,0,0,0,11,0.73636,30,30,125205,973,30,9,0,0,0.0,189
485,2013-10-31,game-01,818921,0,0,0,0,6,1,45,22.5,329,190,35,6,77,23,25,29,7,8,0,1,0,0,1,0.5,0.88525,0.8845,0,0,0,0,0,0,0,0,0,0,0,0,0,0,0,0,19,0.84737,35,35,176013,379,38,13,2,0,0.0,275
486,2013-10-31,game-01,515545,0,0,0,0,6,1,0,0.0,293,220,19,10,9,13,15,20,10,12,0,1,0,0,1,0.0,0.89231,0.90444,0,0,0,0,0,0,0,0,0,0,0,0,0,0,0,0,22,0.92273,18,19,68077,3244,31,4,0,0,0.0,122
487,2013-10-31,game-01,17624,0,0,0,0,5,0,0,0.0,147,60,35,2,13,5,6,19,4,8,0,0,0,0,0,0.0,0.92857,0.93197,0,0,0,0,0,0,0,0,0,0,0,0,0,0,0,0,6,0.8,34,35,68105,3243,18,11,0,0,0.0,105
488,2013-10-31,game-01,206097,0,0,0,0,6,2,0,0.0,138,220,30,5,17,5,5,20,5,0,0,0,0,0,0,0.0,0.8,0.81884,0,0,0,0,0,0,0,0,0,0,0,0,0,0,0,0,22,0.69091,30,30,42161,5505,15,4,0,0,0.0,285
489,2013-10-31,game-01,772468,0,1,0,0,4,0,0,0.0,110,56,14,4,7,7,8,14,4,4,0,1,0,0,0,0.0,0.96667,0.91818,0,0,0,0,0,0,0,0,0,0,0,0,0,0,0,0,7,0.83929,14,14,42630,5448,13,5,0,0,0.0,24
490,2013-10-31,game-01,461379,0,0,0,0,5,0,0,0.0,182,200,36,4,34,7,8,19,5,4,0,0,0,0,0,0.0,0.90323,0.93956,0,0,0,0,0,0,0,0,0,0,0,0,0,0,0,0,20,0.905,36,36,63011,3577,19,2,0,0,0.0,176
491,2013-10-31,game-01,224154,0,0,0,0,6,0,0,0.0,160,140,36,3,2,5,6,24,4,5,0,0,0,0,0,0.0,0.92105,0.94375,0,0,0,0,0,0,0,0,0,0,0,0,0,0,0,0,14,0.93571,36,36,65592,3401,16,0,0,0,0.0,220
492,2013-10-31,game-01,472222,0,0,0,0,0,0,77,25.67,0,0,0,0,8,0,0,0,0,0,0,0,0,0,0,0.0,0.0,0.0,0,0,0,0,0,0,0,0,0,0,0,0,0,0,0,0,0,0.0,0,0,44645,5176,0,0,3,0,0.0,81
493,2013-10-31,game-01,440750,0,0,0,0,6,0,0,0.0,130,80,23,2,3,3,4,16,4,4,0,0,0,0,0,0.0,0.77778,0.84615,0,0,0,0,0,0,0,0,0,0,0,0,0,0,0,0,8,0.875,23,23,44595,5181,15,4,0,0,0.0,169
494,2013-10-31,game-01,829204,0,1,0,0,7,1,73,36.5,141,126,19,4,12,8,9,12,6,7,0,1,0,0,1,0.5,0.92,0.91489,0,0,0,0,0,0,0,0,0,0,0,0,0,0,0,0,18,0.9127,18,19,50986,4527,18,5,2,0,0.0,16
495,2013-10-31,game-01,593799,0,0,0,0,6,0,0,0.0,192,152,38,4,17,11,12,28,5,4,0,1,0,0,1,0.0,0.95238,0.94792,0,0,0,0,0,0,0,0,0,0,0,0,0,0,0,0,17,0.91447,2,38,95460,1840,20,1,0,0,0.0,169
496,2013-10-31,game-01,354459,0,0,0,0,4,1,55,55.0,122,60,16,4,7,7,7,21,4,3,0,0,0,0,0,1.0,0.95238,0.84426,0,0,0,0,0,0,0,0,0,0,0,0,0,0,0,0,6,0.85,15,16,57460,3978,14,6,1,0,0.0,63
497,2013-10-31,game-01,336156,0,0,0,0,7,1,23,11.5,122,104,19,3,12,4,4,16,5,7,0,0,0,0,1,0.0,0.89655,0.95082,0,0,0,0,0,0,0,0,0,0,0,0,0,0,0,0,13,0.92308,18,19,54487,4235,14,6,2,1,0.94118,36
498,2013-10-31,game-01,482999,0,0,0,0,4,0,0,0.0,150,170,18,5,25,8,8,25,5,1,0,0,0,0,0,0.0,0.72222,0.86667,0,0,0,0,0,0,0,0,0,0,0,0,0,0,0,0,17,0.8,18,18,119021,1120,17,6,0,0,0.0,116
499,2013-10-31,game-01,661723,0,0,0,0,7,0,0,0.0,209,100,6,1,26,7,9,14,4,7,0,1,0,0,0,0.0,0.92405,0.91388,0,0,0,0,0,0,0,0,0,0,0,0,0,0,0,0,10,0.91,6,6,56605,4043,23,6,0,0,0.0,110
500,2013-10-31,game-01,721977,0,0,0,0,10,4,314,44.86,276,180,28,6,76,22,23,27,6,10,0,0,0,0,0,0.42857,0.98246,0.94565,0,0,0,0,0,0,0,0,0,0,0,0,0,0,0,0,18,0.78889,28,28,192713,279,34,15,7,0,0.0,280
501,2013-10-31,game-01,825226,0,0,0,0,4,0,0,0.0,110,48,19,3,9,5,6,19,3,3,0,0,0,0,0,0.0,0.95652,0.94545,0,0,0,0,0,0,0,0,0,0,0,0,0,0,0,0,6,0.77083,19,19,55887,4100,11,0,0,0,0.0,27
502,2013-10-31,game-01,307495,0,0,0,0,7,2,124,62.0,137,130,0,0,7,5,6,16,3,7,0,2,0,0,2,0.5,0.85185,0.89051,0,0,0,0,0,0,0,0,0,0,0,0,0,0,0,0,13,0.90769,25,26,58801,3870,15,2,2,0,0.0,80
503,2013-10-31,game-01,958857,0,0,0,0,9,1,0,0.0,320,110,0,0,25,15,15,29,9,13,1,1,0,0,0,0.0,0.87879,0.92813,0,0,0,0,0,0,0,0,0,0,0,0,0,0,0,0,11,0.86364,34,35,218171,179,35,10,0,0,0.0,80
504,2013-10-31,game-01,302268,0,0,0,0,2,0,0,0.0,222,100,23,6,30,15,19,22,6,5,0,0,0,0,0,0.0,0.97436,0.93243,0,0,0,0,0,0,0,0,0,0,0,0,0,0,0,0,10,0.95,23,23,68723,3189,24,4,0,0,0.0,183
505,2013-10-31,game-01,663533,0,0,0,0,2,0,0,0.0,110,70,10,1,19,5,5,23,1,2,0,0,0,0,0,0.0,0.97436,0.96364,0,0,0,0,0,0,0,0,0,0,0,0,0,0,0,0,10,0.88571,10,10,92489,1972,11,0,0,0,0.0,20
506,2013-10-31,game-01,26594,0,0,0,0,9,0,153,38.25,193,220,16,8,2,5,7,20,8,9,0,0,0,0,0,0.25,0.96154,0.92746,0,0,0,0,0,0,0,0,0,0,0,0,0,0,0,0,22,0.9,15,16,68130,3241,22,7,4,1,0.95,59
507,2013-10-31,game-01,319513,0,0,0,0,9,1,183,9.63,349,230,38,6,70,20,21,23,6,9,0,0,0,0,1,0.10526,0.98246,0.94269,0,0,0,0,0,0,0,0,0,0,0,0,0,0,0,0,23,0.73478,37,38,124221,997,37,5,19,0,0.0,96
508,2013-10-31,game-01,620082,0,0,0,0,12,0,0,0.0,133,120,27,1,27,5,5,15,4,4,0,0,0,0,0,0.0,0.78571,0.82707,0,0,0,0,0,0,0,0,0,0,0,0,0,0,0,0,12,0.96667,27,27,63941,3524,17,8,0,0,0.0,62
509,2013-10-31,game-01,401637,0,0,0,0,2,0,0,0.0,60,120,25,2,0,1,2,21,2,1,0,0,0,0,2,0.0,1.0,0.91667,0,0,0,0,0,0,0,0,0,0,0,0,0,0,0,0,12,0.93333,24,25,50116,4601,6,0,0,0,0.0,70
510,2013-10-31,game-01,943709,0,0,0,0,5,1,34,6.8,229,230,16,5,13,7,8,30,4,5,0,0,0,0,1,0.0,0.90196,0.91703,0,0,0,0,0,0,0,0,0,0,0,0,0,0,0,0,24,0.86522,15,16,137495,749,25,7,5,1,0.94118,47
511,2013-10-31,game-01,5611,0,0,0,0,8,0,65,21.67,319,190,12,6,21,8,10,30,6,8,0,0,0,0,0,0.33333,0.95614,0.94044,0,0,0,0,0,0,0,0,0,0,0,0,0,0,0,0,19,0.85789,12,12,185688,313,34,7,3,0,0.0,72
512,2013-10-31,game-01,200353,0,0,0,0,0,0,0,0.0,0,0,0,0,0,0,0,0,0,0,0,0,0,0,0,0.0,0.0,0.0,0,0,0,0,0,0,0,0,100,100,100,100,0,0,400,0,0,0.0,0,0,42323,5481,0,0,0,0,0.0,20
513,2013-10-31,game-01,200182,0,0,0,0,0,0,0,0.0,0,50,0,0,0,0,0,9,1,0,0,0,0,0,0,0.0,0.0,0.0,0,0,0,0,0,0,0,0,0,0,0,0,0,0,0,0,5,0.94,27,27,45391,5097,0,0,0,0,0.0,68
514,2013-10-31,game-01,868826,0,0,0,0,6,0,0,0.0,192,165,36,6,8,8,8,26,6,6,0,0,0,0,0,0.0,0.975,0.95313,0,0,0,0,0,0,0,0,0,0,0,0,0,0,0,0,19,0.86061,6,36,100942,1631,21,6,0,0,0.0,253
515,2013-10-31,game-01,654451,0,0,0,0,1,0,0,0.0,7,8,0,0,18,1,1,0,0,0,0,0,0,0,0,0.0,0.0,1.0,0,0,0,0,0,0,0,0,0,0,0,0,0,0,0,0,1,1.0,4,4,61382,3681,1,1,0,0,0.0,30
516,2013-10-31,game-01,559329,0,0,0,0,6,0,0,0.0,160,90,19,3,14,4,4,19,4,6,0,0,0,0,0,0.0,0.86486,0.925,0,0,0,0,0,0,0,0,0,0,0,0,0,0,0,0,9,0.88889,19,19,56596,4044,16,0,0,2,0.86111,157
517,2013-10-31,game-01,667004,0,0,0,0,4,1,176,35.2,150,152,0,0,0,5,6,17,8,3,0,3,0,0,1,0.2,0.88889,0.91333,0,0,0,0,0,0,0,0,0,0,0,0,0,0,0,0,19,0.89474,25,26,64902,3461,15,0,5,0,0.0,40
518,2013-10-31,game-01,743335,0,0,0,0,2,0,0,0.0,100,120,30,3,15,9,9,16,3,2,0,0,0,0,0,0.0,0.91667,0.95,0,0,0,0,0,0,0,0,0,0,0,0,0,0,0,0,12,0.83333,29,30,66102,3369,10,0,0,2,0.89189,117
519,2013-10-31,game-01,305216,0,0,0,0,6,2,61,12.2,209,190,27,7,14,12,12,19,7,10,0,2,0,0,2,0.0,0.95122,0.9378,0,0,0,0,0,0,0,0,0,0,0,0,0,0,0,0,19,0.88421,26,27,76273,2731,22,3,5,0,0.0,76
520,2013-10-31,game-01,47842,0,0,0,0,4,0,0,0.0,124,140,37,5,8,4,4,28,5,4,0,0,0,0,0,0.0,0.88,0.89516,0,0,0,0,0,0,0,0,0,0,0,0,0,0,0,0,15,0.87143,28,37,105015,1490,13,2,0,0,0.0,184
521,2013-10-31,game-01,88527,0,0,0,0,0,0,0,0.0,29,50,21,1,6,3,3,10,1,0,0,0,0,0,0,0.0,0.77778,0.93103,0,0,0,0,0,0,0,0,0,0,0,0,0,0,0,0,5,1.0,21,21,46826,4928,5,4,0,0,0.0,84
522,2013-10-31,game-01,939390,0,0,0,0,4,0,0,0.0,61,40,0,0,9,3,3,15,2,3,0,1,0,0,0,0.0,0.625,0.78689,0,0,0,0,0,0,0,0,0,0,0,0,0,0,0,0,4,0.725,16,16,71151,3027,9,9,0,0,0.0,61
523,2013-10-31,game-01,89732,0,0,0,0,3,0,45,22.5,60,32,0,0,13,2,2,11,1,3,0,0,0,0,0,0.0,1.0,0.96667,0,0,0,0,0,0,0,0,0,0,0,0,0,0,0,0,4,0.84375,24,24,49421,4656,6,0,2,0,0.0,24
524,2013-10-31,game-01,588243,0,0,0,0,3,1,46,11.5,100,128,0,0,11,3,3,13,1,3,0,0,0,0,1,0.0,1.0,0.99,0,0,0,0,0,0,0,0,0,0,0,0,0,0,0,0,16,0.92188,5,6,42846,5416,10,0,4,0,0.0,33
525,2013-10-31,game-01,668540,0,0,0,0,3,0,0,0.0,130,105,25,4,1,3,4,22,4,3,0,0,0,0,0,0.0,1.0,0.96154,0,0,0,0,0,0,0,0,0,0,0,0,0,0,0,0,11,0.89524,10,25,54879,4207,13,0,0,0,0.0,64
526,2013-10-31,game-01,875400,0,0,0,0,5,0,0,0.0,191,60,23,1,16,9,9,13,3,5,0,0,0,0,0,0.0,0.89189,0.92147,0,0,0,0,0,0,0,0,0,0,0,0,0,0,0,0,6,0.93333,23,23,62484,3601,20,3,0,0,0.0,215
527,2013-10-31,game-01,177926,0,0,0,0,4,0,0,0.0,120,90,0,0,9,1,3,16,3,4,0,0,0,0,0,0.0,0.94444,0.88333,0,0,0,0,0,0,0,0,0,0,0,0,0,0,0,0,9,0.71111,16,16,45269,5112,12,0,0,1,0.83333,56
528,2013-10-31,game-01,398089,0,0,0,0,4,0,13,13.0,144,150,15,1,7,4,4,21,3,5,0,0,0,0,0,0.0,0.91429,0.94444,0,0,0,0,0,0,0,0,0,0,0,0,0,0,0,0,15,0.9,14,15,70621,3053,15,2,1,0,0.0,99
529,2013-10-31,game-01,753951,0,0,0,0,6,0,138,46.0,212,90,37,3,25,20,20,21,3,8,0,0,0,0,0,0.66667,0.98113,0.87736,0,0,0,0,0,0,0,0,0,0,0,0,0,0,0,0,9,0.75556,36,37,105539,1476,25,7,3,0,0.0,236
530,2013-10-31,game-01,953822,0,0,0,0,7,1,117,8.36,224,210,0,0,4,6,8,18,6,7,0,0,0,0,1,0.0,0.90698,0.93304,0,0,0,0,0,0,0,0,0,0,0,0,0,0,0,0,21,0.93333,23,24,80598,2504,23,2,14,0,0.0,81
531,2013-10-31,game-01,952760,0,0,0,0,6,0,0,0.0,149,80,19,3,0,4,5,26,4,3,0,0,0,0,0,0.0,1.0,0.91275,0,0,0,0,0,0,0,0,0,0,0,0,0,0,0,0,8,0.825,19,19,124947,980,17,7,0,0,0.0,105
532,2013-10-31,game-01,242006,0,0,0,0,4,0,23,23.0,134,170,17,3,6,7,7,17,3,7,0,0,0,0,2,0.0,0.92593,0.93284,0,0,0,0,0,0,0,0,0,0,0,0,0,0,0,0,17,0.87059,17,17,49072,4696,14,0,1,0,0.0,56
533,2013-10-31,game-01,50230,0,0,0,0,7,0,81,27.0,170,160,33,4,0,4,4,31,6,7,0,1,0,0,0,0.33333,0.81579,0.82941,0,0,0,0,0,0,0,0,0,0,0,0,0,0,0,0,16,0.83125,32,33,116332,1194,17,0,3,0,0.0,205
534,2013-10-31,game-01,252210,0,0,0,0,6,0,77,19.25,195,130,0,0,0,3,5,20,5,6,0,0,0,0,0,0.0,0.82857,0.86667,0,0,0,0,0,0,0,0,0,0,0,0,0,0,0,0,13,0.85385,32,32,79021,2584,24,15,4,1,0.9,208
535,2013-10-31,game-01,239543,0,0,0,0,5,0,0,0.0,110,80,24,4,10,4,4,19,3,4,0,0,0,0,0,0.0,0.85185,0.87273,0,0,0,0,0,0,0,0,0,0,0,0,0,0,0,0,8,0.7625,24,24,42753,5432,11,0,0,0,0.0,91
536,2013-10-31,game-01,460009,0,0,0,0,1,1,49,49.0,41,60,30,2,1,1,2,15,2,1,0,0,0,0,0,1.0,1.0,0.95122,0,0,0,0,0,0,0,0,0,0,0,0,0,0,0,0,6,0.83333,29,30,48296,4767,5,3,1,0,0.0,44
537,2013-10-31,game-01,933735,0,0,0,0,9,0,0,0.0,155,180,0,0,53,5,5,24,4,3,0,0,0,0,0,0.0,0.94286,0.92903,0,0,0,0,0,0,0,0,0,0,0,0,0,0,0,0,18,0.87222,20,21,103557,1546,17,5,0,1,0.95,148
538,2013-10-31,game-01,133230,0,1,0,0,8,0,0,0.0,188,150,11,4,23,9,9,19,4,8,0,1,0,0,0,0.0,0.85057,0.85106,0,0,0,0,0,0,0,0,0,0,0,0,0,0,0,0,15,0.80667,11,11,70265,3076,20,4,0,0,0.0,139
539,2013-10-31,game-01,840114,0,0,0,0,3,0,0,0.0,0,0,0,0,10,0,0,0,0,0,0,0,0,0,0,0.0,0.0,0.0,0,0,0,0,0,0,0,0,0,0,0,0,0,0,0,0,0,0.0,0,0,146101,642,0,0,0,0,0.0,77
540,2013-10-31,game-01,347207,0,0,0,0,7,0,130,26.0,223,160,25,5,3,7,8,37,6,6,0,1,0,0,0,0.2,0.94118,0.90135,0,0,0,0,0,0,0,0,0,0,0,0,0,0,0,0,16,0.8125,25,25,205149,228,25,9,5,0,0.0,70
541,2013-10-31,game-01,906240,0,0,0,0,6,1,92,30.67,146,144,16,3,5,4,4,25,5,6,0,0,0,0,1,0.33333,0.9,0.92466,0,0,0,0,0,0,0,0,0,0,0,0,0,0,0,0,18,0.93056,14,16,101645,1600,17,8,3,0,0.0,26
542,2013-10-31,game-01,341839,0,0,0,0,0,0,0,0.0,0,0,0,0,37,0,0,0,0,0,0,0,0,0,0,0.0,0.0,0.0,0,0,0,0,0,0,0,0,0,0,0,0,0,0,0,0,0,0.0,0,0,113295,1275,0,0,0,0,0.0,196
543,2013-10-31,game-01,153154,0,0,0,0,9,0,0,0.0,225,120,25,4,24,7,8,20,5,6,0,1,0,0,0,0.0,0.8913,0.90667,0,0,0,0,0,0,0,0,0,0,0,0,0,0,0,0,12,0.875,25,26,73834,2862,24,5,0,0,0.0,193
544,2013-10-31,game-01,823385,0,0,0,0,1,0,0,0.0,90,90,24,1,6,2,2,24,2,0,0,0,0,0,0,0.0,0.95,0.92222,0,0,0,0,0,0,0,0,0,0,0,0,0,0,0,0,9,0.82222,24,24,99121,1700,9,0,0,0,0.0,175
545,2013-10-31,game-01,835121,0,1,0,0,5,0,85,7.08,150,160,15,4,2,5,5,17,6,3,0,1,0,0,0,0.0,0.94118,0.9,0,0,0,0,0,0,0,0,0,0,0,0,0,0,0,0,16,0.8875,15,15,44604,5180,15,0,12,0,0.0,156
546,2013-10-31,game-01,109684,0,0,0,0,5,2,63,9.0,215,240,28,8,9,6,8,30,8,5,0,0,0,0,2,0.0,0.925,0.88372,0,0,0,0,0,0,0,0,0,0,0,0,0,0,0,0,24,0.6625,28,28,96463,1811,23,5,7,2,0.90909,107
547,2013-10-31,game-01,135209,0,0,0,0,8,0,0,0.0,240,90,31,2,4,5,6,21,4,6,0,0,0,0,0,0.0,0.87234,0.91667,0,0,0,0,0,0,0,0,0,0,0,0,0,0,0,0,9,0.93333,31,31,76927,2702,24,0,0,0,0.0,156
548,2013-10-31,game-01,584566,0,0,0,0,7,0,0,0.0,168,154,12,1,14,9,9,18,7,8,0,2,0,0,1,0.0,0.96491,0.94048,0,0,0,0,0,0,0,0,0,0,0,0,0,0,0,0,22,0.90909,11,12,78436,2614,20,8,0,1,1.0,18
549,2013-10-31,game-01,462763,0,0,0,0,0,0,0,0.0,0,0,0,0,0,0,0,0,0,0,0,0,0,0,0,0.0,0.0,0.0,0,0,0,0,0,0,0,0,0,0,0,0,0,0,0,0,0,0.0,0,0,39974,5781,0,0,0,0,0.0,16
550,2013-10-31,game-01,176038,0,0,0,0,8,1,68,22.67,230,200,0,0,1,2,6,21,6,8,0,0,0,0,1,0.0,0.97727,0.96087,0,0,0,0,0,0,0,0,0,0,0,0,0,0,0,0,25,0.895,13,14,90493,2055,23,0,3,1,0.93333,29
551,2013-10-31,game-01,672377,0,0,0,0,6,0,0,0.0,200,180,35,4,0,5,6,23,6,5,0,0,0,0,0,0.0,0.9375,0.945,0,0,0,0,0,0,0,0,0,0,0,0,0,0,0,0,18,0.82222,34,35,76210,2733,20,0,0,0,0.0,145
552,2013-10-31,game-01,850278,0,0,0,0,8,0,0,0.0,247,200,13,5,26,9,9,27,7,9,0,0,0,0,0,0.0,0.85135,0.88259,0,0,0,0,0,0,0,0,0,0,0,0,0,0,0,0,20,0.795,12,13,123330,1018,30,17,0,0,0.0,103
553,2013-10-31,game-01,948790,0,0,0,0,5,0,0,0.0,59,30,0,0,9,3,3,8,2,4,0,0,0,0,0,0.0,0.88235,0.86441,0,0,0,0,0,0,0,0,0,0,0,0,0,0,0,0,3,0.73333,13,13,40507,5714,8,0,0,0,0.0,45
554,2013-10-31,game-01,180607,0,0,0,0,5,0,0,0.0,157,190,20,2,6,4,5,18,3,5,0,0,0,0,0,0.0,0.82353,0.87261,0,0,0,0,0,0,0,0,0,0,0,0,0,0,0,0,19,0.81053,19,20,45632,5070,16,1,0,0,0.0,153
555,2013-10-31,game-01,355353,0,0,0,0,7,0,0,0.0,158,190,27,5,5,6,6,22,5,5,0,0,0,0,0,0.0,0.96296,0.93038,0,0,0,0,0,0,0,0,0,0,0,0,0,0,0,0,19,0.8,27,27,63681,3536,17,3,0,0,0.0,80
556,2013-10-31,game-01,182274,0,1,0,0,5,0,140,46.67,161,210,0,0,2,3,6,16,7,3,0,1,0,0,0,0.66667,0.90476,0.90062,0,0,0,0,0,0,0,0,0,0,0,0,0,0,0,0,21,0.91905,15,16,54032,4269,18,2,3,0,0.0,74
